Time stamp,Power,avg_temp
1677130893.0967655, 0.0, 42.25
1677130893.297076, 0.0, 39.75
1677130893.4973874, 0.0, 38.75
1677130893.697693, 0.0, 37.5
1677130893.8980005, 0.0, 39.0
1677130894.0983064, 4.763, 39.75
1677130894.298615, 4.763, 39.75
1677130894.4989188, 4.763, 38.75
1677130894.699224, 4.763, 38.75
1677130894.8995252, 4.763, 38.75
1677130895.09984, 4.695, 37.75
1677130895.3001432, 4.695, 37.75
1677130895.500468, 4.695, 42.25
1677130895.7009873, 4.695, 47.25
1677130895.9015534, 4.695, 50.25
1677130896.1019754, 9.149, 52.75
1677130896.3024995, 9.149, 54.25
1677130896.5030143, 9.149, 54.5
1677130896.7035708, 9.149, 55.75
1677130896.904114, 9.149, 56.0
1677130897.1046462, 10.5, 56.75
1677130897.3051789, 10.5, 57.75
1677130897.505727, 10.5, 57.25
1677130897.7064033, 10.5, 57.75
1677130897.9069211, 10.5, 58.25
1677130898.1074517, 10.672, 58.25
1677130898.3080235, 10.672, 58.75
1677130898.5085697, 10.672, 59.25
1677130898.709114, 10.672, 59.25
1677130898.9096391, 10.672, 60.0
1677130899.1101797, 10.672, 60.5
1677130899.3107123, 10.672, 60.0
1677130899.511264, 10.672, 61.0
1677130899.711699, 10.672, 61.5
1677130899.9120195, 10.672, 60.75
1677130900.112346, 10.672, 61.5
1677130900.3126814, 10.386, 61.75
1677130900.5131018, 10.386, 62.0
1677130900.7137527, 10.386, 62.25
1677130900.9144075, 10.386, 61.5
1677130901.1149406, 10.588, 61.5
1677130901.315472, 10.588, 62.0
1677130901.5159938, 10.588, 62.5
1677130901.7164342, 10.588, 62.75
1677130901.916758, 10.588, 62.25
1677130902.1170733, 10.947, 63.0
1677130902.3174677, 10.947, 63.75
1677130902.5178933, 10.947, 63.5
1677130902.7185152, 10.947, 63.5
1677130902.9190617, 10.947, 63.5
1677130903.1196122, 10.947, 63.75
1677130903.3200343, 10.817, 63.25
1677130903.5204728, 10.817, 64.25
1677130903.7210114, 10.817, 63.75
1677130903.9215395, 10.817, 63.5
1677130904.1222417, 10.504, 64.25
1677130904.322789, 10.504, 64.0
1677130904.5233269, 10.504, 63.5
1677130904.7238524, 10.504, 64.5
1677130904.9243965, 10.504, 64.0
1677130905.1249495, 10.851, 64.0
1677130905.3254995, 10.851, 63.75
1677130905.5260599, 10.851, 64.25
1677130905.7265973, 10.851, 64.25
1677130905.9272556, 10.851, 64.5
1677130906.1277921, 10.916, 64.5
1677130906.3283193, 10.916, 64.25
1677130906.5288634, 10.916, 65.25
1677130906.729384, 10.916, 65.75
1677130906.9299128, 10.916, 65.5
1677130907.1304429, 10.79, 65.0
1677130907.3309753, 10.79, 65.5
1677130907.5314927, 10.79, 65.5
1677130907.7320113, 10.79, 65.0
1677130907.932557, 10.79, 65.5
1677130908.1330814, 11.038, 64.5
1677130908.3336349, 11.038, 65.5
1677130908.5343406, 11.038, 64.75
1677130908.7348866, 11.038, 64.5
1677130908.9354413, 11.038, 65.0
1677130909.1359909, 10.416, 65.5
1677130909.3383095, 10.416, 65.75
1677130909.5388494, 10.416, 65.25
1677130909.7393641, 10.416, 66.0
1677130909.9398882, 10.416, 66.0
1677130910.1404343, 11.05, 65.75
1677130910.3409617, 11.05, 66.25
1677130910.5414774, 11.05, 66.25
1677130910.7419996, 11.05, 66.5
1677130910.9425476, 11.05, 66.5
1677130911.1430557, 10.874, 66.5
1677130911.3435411, 10.874, 66.25
1677130911.5440836, 10.874, 66.25
1677130911.744623, 10.874, 66.5
1677130911.9451404, 10.874, 66.75
1677130912.1456823, 10.55, 67.25
1677130912.346249, 10.55, 66.25
1677130912.5467484, 10.55, 66.5
1677130912.7473133, 10.55, 67.0
1677130912.9478538, 10.55, 67.0
1677130913.1483793, 11.176, 66.5
1677130913.348883, 11.176, 66.25
1677130913.549417, 11.176, 66.5
1677130913.749976, 11.176, 66.5
1677130913.9505403, 11.176, 66.75
1677130914.151074, 11.015, 67.0
1677130914.3515825, 11.015, 66.5
1677130914.5521214, 11.015, 66.75
1677130914.7526844, 11.015, 67.0
1677130914.9532447, 11.015, 67.25
1677130915.153772, 11.004, 67.0
1677130915.3542724, 11.004, 65.75
1677130915.5547988, 11.004, 66.5
1677130915.755359, 11.004, 66.25
1677130915.9558964, 11.004, 67.0
1677130916.1564455, 10.634, 67.25
1677130916.3569493, 10.634, 66.75
1677130916.5574749, 10.634, 66.75
1677130916.7579958, 10.634, 67.5
1677130916.9585037, 10.634, 67.0
1677130917.1590314, 10.87, 67.5
1677130917.359516, 10.87, 67.0
1677130917.5600514, 10.87, 67.5
1677130917.7605696, 10.87, 67.75
1677130917.961097, 10.87, 68.0
1677130918.1616318, 10.92, 67.25
1677130918.3621655, 10.92, 67.75
1677130918.562709, 10.92, 67.75
1677130918.7632778, 10.92, 67.75
1677130918.963917, 10.92, 67.5
1677130919.1644144, 11.206, 68.0
1677130919.3649297, 11.206, 68.0
1677130919.5654259, 11.206, 67.5
1677130919.7657523, 11.206, 67.5
1677130919.9660733, 10.466, 67.75
1677130920.16653, 10.466, 68.25
1677130920.3670707, 10.466, 67.75
1677130920.5676148, 10.466, 68.0
1677130920.7680378, 10.466, 67.25
1677130920.9684792, 10.466, 67.0
1677130921.1690392, 10.214, 68.25
1677130921.369463, 10.214, 66.75
1677130921.569985, 10.214, 68.25
1677130921.7705214, 10.214, 68.25
1677130921.9710069, 10.214, 68.25
1677130922.1712217, 11.115, 68.25
1677130922.3716676, 11.115, 68.0
1677130922.5722063, 11.115, 68.5
1677130922.7727501, 11.115, 68.5
1677130922.9733038, 11.115, 68.0
1677130923.1739628, 11.115, 68.75
1677130923.3744993, 10.947, 69.0
1677130923.5750322, 10.947, 67.5
1677130923.7755156, 10.947, 68.25
1677130923.9759278, 10.947, 68.25
1677130924.176458, 11.099, 68.75
1677130924.3769572, 11.099, 68.5
1677130924.5774572, 11.099, 67.5
1677130924.777986, 11.099, 68.5
1677130924.9785278, 11.099, 69.0
1677130925.1790643, 11.008, 69.0
1677130925.3796031, 11.008, 69.25
1677130925.5801167, 11.008, 69.0
1677130925.7806368, 11.008, 69.25
1677130925.9811735, 11.008, 69.0
1677130926.1817162, 11.088, 68.25
1677130926.3822443, 11.088, 69.0
1677130926.5827858, 11.088, 68.75
1677130926.7833455, 11.088, 69.0
1677130926.9838526, 11.088, 69.25
1677130927.184393, 11.088, 68.0
1677130927.384944, 10.943, 68.75
1677130927.5854757, 10.943, 68.25
1677130927.7859993, 10.943, 68.75
1677130927.9865105, 10.943, 69.0
1677130928.1870565, 11.069, 69.5
1677130928.3875587, 11.069, 69.25
1677130928.5881014, 11.069, 69.0
1677130928.7886415, 11.069, 69.25
1677130928.9891768, 11.206, 69.25
1677130929.1897192, 11.206, 69.0
1677130929.390254, 11.206, 69.25
1677130929.5907886, 11.206, 69.5
1677130929.791323, 11.206, 70.0
1677130929.991851, 11.206, 69.75
1677130930.1923697, 11.374, 70.25
1677130930.3929174, 11.374, 70.25
1677130930.593435, 11.374, 70.0
1677130930.7940001, 11.374, 70.0
1677130930.9945219, 11.374, 69.0
1677130931.1950521, 11.412, 69.25
1677130931.3955853, 11.412, 69.5
1677130931.5961108, 11.412, 69.0
1677130931.796642, 11.412, 69.0
1677130931.9971857, 11.412, 69.25
1677130932.197713, 10.76, 69.0
1677130932.398224, 10.76, 69.0
1677130932.5987666, 10.76, 69.0
1677130932.7993226, 10.76, 69.25
1677130932.999891, 10.943, 69.25
1677130933.200418, 10.943, 69.0
1677130933.4009304, 10.943, 69.75
1677130933.601479, 10.943, 70.0
1677130933.8021288, 10.943, 69.25
1677130934.002675, 10.92, 69.75
1677130934.2033207, 10.92, 69.75
1677130934.4038346, 10.92, 69.75
1677130934.6044118, 10.92, 70.0
1677130934.8049424, 10.92, 70.0
1677130935.0054612, 10.92, 70.25
1677130935.2060175, 11.363, 69.5
1677130935.4065695, 11.363, 69.75
1677130935.607236, 11.363, 69.25
1677130935.8077748, 11.363, 68.5
1677130936.0083327, 11.363, 70.0
1677130936.208849, 10.771, 70.0
1677130936.4093668, 10.771, 70.25
1677130936.609877, 10.771, 70.25
1677130936.8104143, 10.771, 70.25
1677130937.0109375, 10.771, 70.0
1677130937.2114463, 11.306, 70.25
1677130937.4119675, 11.306, 70.25
1677130937.6124907, 11.306, 70.0
1677130937.8130245, 11.306, 70.0
1677130938.0135517, 11.306, 70.0
1677130938.2140791, 11.306, 69.5
1677130938.4146192, 10.966, 69.5
1677130938.6152742, 10.966, 70.25
1677130938.81576, 10.966, 70.25
1677130939.016302, 10.966, 67.25
1677130939.2168357, 10.996, 69.5
1677130939.4173546, 10.996, 70.25
1677130939.6178813, 10.996, 70.0
1677130939.8184152, 10.996, 70.25
1677130940.0189323, 10.996, 69.75
1677130940.219459, 11.149, 70.25
1677130940.419965, 11.149, 70.25
1677130940.6205022, 11.149, 70.25
1677130940.8210454, 11.149, 70.25
1677130941.0215847, 11.149, 69.75
1677130941.2221014, 11.428, 70.25
1677130941.4226146, 11.428, 70.25
1677130941.6232438, 11.428, 70.25
1677130941.8237836, 11.428, 70.5
1677130942.0243077, 11.229, 71.0
1677130942.2248363, 11.229, 70.75
1677130942.4253652, 11.229, 70.25
1677130942.6258867, 11.229, 70.0
1677130942.8264115, 11.229, 70.0
1677130943.0269709, 11.298, 70.5
1677130943.2275116, 11.298, 71.0
1677130943.4280393, 11.298, 70.0
1677130943.6285694, 11.298, 71.0
1677130943.8290915, 11.298, 70.5
1677130944.0296102, 11.298, 70.25
1677130944.230135, 11.233, 70.0
1677130944.430677, 11.233, 70.25
1677130944.6313164, 11.233, 69.5
1677130944.8318512, 11.233, 70.25
1677130945.0323722, 11.233, 70.75
1677130945.2328806, 11.233, 70.25
1677130945.4334185, 11.214, 71.25
1677130945.633966, 11.214, 71.0
1677130945.834493, 11.214, 71.0
1677130946.0350485, 11.493, 70.5
1677130946.2355764, 11.493, 71.25
1677130946.436108, 11.493, 71.0
1677130946.6366405, 11.493, 71.0
1677130946.8371665, 11.493, 71.0
1677130947.037686, 11.493, 71.5
1677130947.2382197, 11.512, 71.25
1677130947.4387722, 11.512, 70.5
1677130947.6393685, 11.512, 71.0
1677130947.8399165, 11.512, 71.0
1677130948.040458, 11.477, 71.0
1677130948.2409887, 11.477, 71.75
1677130948.4415674, 11.477, 71.0
1677130948.6420972, 11.477, 71.75
1677130948.8426218, 11.477, 71.5
1677130949.0433028, 11.477, 71.0
1677130949.2438393, 11.474, 71.25
1677130949.4443874, 11.474, 71.25
1677130949.6449425, 11.474, 71.25
1677130949.8454695, 11.474, 71.0
1677130950.0460103, 11.531, 71.25
1677130950.246545, 11.531, 71.25
1677130950.447212, 11.531, 71.25
1677130950.647749, 11.531, 71.0
1677130950.8483102, 11.531, 70.75
1677130951.0488696, 11.344, 71.0
1677130951.2494159, 11.344, 72.0
1677130951.4499474, 11.344, 72.0
1677130951.650631, 11.344, 70.75
1677130951.8513255, 11.344, 71.0
1677130952.0518732, 11.21, 71.25
1677130952.2524147, 11.21, 71.25
1677130952.4529538, 11.21, 71.25
1677130952.6534925, 11.21, 70.75
1677130952.854027, 11.21, 71.25
1677130953.0545802, 10.886, 71.0
1677130953.2552636, 10.886, 71.25
1677130953.4560769, 10.886, 71.0
1677130953.656631, 10.886, 71.25
1677130953.8571732, 10.886, 71.25
1677130954.0577002, 10.886, 71.5
1677130954.258229, 10.886, 71.5
1677130954.458767, 11.577, 71.75
1677130954.6593184, 11.577, 71.5
1677130954.8598566, 11.577, 71.0
1677130955.0603871, 11.577, 71.75
1677130955.260937, 11.577, 70.5
1677130955.461508, 10.966, 71.5
1677130955.6620545, 10.966, 71.5
1677130955.8627365, 10.966, 71.0
1677130956.0634747, 10.859, 71.25
1677130956.2640266, 10.859, 72.0
1677130956.4645712, 10.859, 72.0
1677130956.6651103, 10.859, 72.0
1677130956.8656306, 10.859, 71.75
1677130957.066164, 11.271, 71.75
1677130957.2666917, 11.271, 72.25
1677130957.4672573, 11.271, 71.25
1677130957.6677845, 11.271, 72.0
1677130957.8683393, 11.271, 72.0
1677130958.068884, 11.141, 72.0
1677130958.2694106, 11.141, 71.5
1677130958.4699376, 11.141, 72.0
1677130958.6704729, 11.141, 71.5
1677130958.8710039, 11.141, 71.75
1677130959.071528, 11.405, 71.0
1677130959.2720442, 11.405, 71.5
1677130959.4725533, 11.405, 71.75
1677130959.6730828, 11.405, 71.5
1677130959.8736, 11.405, 71.25
1677130960.074127, 11.122, 71.25
1677130960.2746375, 11.122, 72.25
1677130960.4752924, 11.122, 71.5
1677130960.6758153, 11.122, 72.0
1677130960.876365, 11.122, 72.0
1677130961.0769022, 11.348, 72.0
1677130961.277433, 11.348, 72.25
1677130961.4779596, 11.348, 72.25
1677130961.678483, 11.348, 72.0
1677130961.8790154, 11.348, 72.0
1677130962.0795567, 11.363, 72.0
1677130962.2800553, 11.363, 72.75
1677130962.480573, 11.363, 72.0
1677130962.6811008, 11.363, 72.5
1677130962.8816621, 11.363, 72.25
1677130963.0821855, 11.512, 72.25
1677130963.282848, 11.512, 72.25
1677130963.4833777, 11.512, 72.5
1677130963.683905, 11.512, 72.25
1677130963.8844516, 11.512, 72.0
1677130964.0850015, 11.432, 72.25
1677130964.285506, 11.432, 73.0
1677130964.486022, 11.432, 72.25
1677130964.6865427, 11.432, 72.25
1677130964.8870656, 11.432, 72.25
1677130965.087617, 11.141, 71.5
1677130965.2880747, 11.141, 72.25
1677130965.4883895, 11.141, 73.0
1677130965.6887054, 11.141, 72.25
1677130965.8891313, 11.141, 72.25
1677130966.0896704, 11.527, 71.5
1677130966.290207, 11.527, 70.5
1677130966.4906414, 11.527, 72.25
1677130966.6910741, 11.527, 72.5
1677130966.891518, 11.527, 71.25
1677130967.0918298, 11.683, 72.25
1677130967.2922707, 11.683, 72.0
1677130967.4928079, 11.683, 72.25
1677130967.693229, 11.683, 72.25
1677130967.8936517, 11.683, 72.25
1677130968.0943248, 11.107, 72.25
1677130968.2948658, 11.107, 72.25
1677130968.4953542, 11.107, 72.25
1677130968.695895, 11.107, 72.25
1677130968.8963344, 11.107, 72.0
1677130969.0966356, 11.508, 72.25
1677130969.2970665, 11.508, 72.25
1677130969.4976308, 11.508, 72.0
1677130969.6981616, 11.508, 72.25
1677130969.898696, 11.508, 72.5
1677130970.0992682, 11.222, 71.5
1677130970.2998104, 11.222, 72.0
1677130970.500239, 11.222, 72.0
1677130970.7005858, 11.222, 72.25
1677130970.9010315, 11.222, 72.5
1677130971.1016498, 11.565, 72.0
1677130971.30238, 11.565, 72.25
1677130971.5029202, 11.565, 72.75
1677130971.7034771, 11.565, 73.0
1677130971.9040005, 11.565, 72.25
1677130972.1045382, 11.63, 73.0
1677130972.3050773, 11.63, 73.0
1677130972.5056028, 11.63, 73.0
1677130972.7061563, 11.63, 72.0
1677130972.9067037, 11.63, 72.25
1677130973.1072686, 10.958, 72.25
1677130973.307796, 10.958, 72.25
1677130973.5083306, 10.958, 72.0
1677130973.7088764, 10.958, 72.0
1677130973.9094038, 10.958, 71.5
1677130974.11007, 10.958, 71.0
1677130974.310623, 11.447, 72.0
1677130974.5112624, 11.447, 72.0
1677130974.711789, 11.447, 72.25
1677130974.912322, 11.447, 72.5
1677130975.1128464, 11.439, 72.25
1677130975.3133693, 11.439, 72.75
1677130975.5139306, 11.439, 72.5
1677130975.7145708, 11.439, 71.75
1677130975.915297, 11.439, 72.75
1677130976.115831, 11.477, 73.0
1677130976.3163497, 11.477, 72.5
1677130976.5168757, 11.477, 72.25
1677130976.7174294, 11.477, 72.5
1677130976.9179335, 11.477, 71.5
1677130977.118458, 10.874, 72.0
1677130977.3189692, 10.874, 72.25
1677130977.5194852, 10.874, 72.25
1677130977.7200177, 10.874, 72.5
1677130977.9205372, 10.874, 72.5
1677130978.1210525, 11.267, 71.5
1677130978.3215742, 11.267, 72.25
1677130978.522094, 11.267, 72.0
1677130978.7226036, 11.267, 72.25
1677130978.9232578, 11.267, 71.5
1677130979.1237614, 10.97, 72.0
1677130979.3242974, 10.97, 72.0
1677130979.5248055, 10.97, 71.75
1677130979.7253444, 10.97, 71.0
1677130979.925895, 10.97, 72.0
1677130980.1264238, 10.87, 70.5
1677130980.3269212, 10.87, 72.25
1677130980.5274436, 10.87, 72.5
1677130980.7279778, 10.87, 72.0
1677130980.9285283, 10.87, 73.0
1677130981.1290858, 11.39, 72.0
1677130981.3295898, 11.39, 73.0
1677130981.5301366, 11.39, 72.0
1677130981.7306483, 11.39, 72.25
1677130981.9313016, 11.39, 72.25
1677130982.1318245, 11.122, 72.25
1677130982.3323474, 11.122, 73.0
1677130982.5328913, 11.122, 72.75
1677130982.7345045, 11.122, 72.25
1677130982.9350476, 11.122, 72.25
1677130983.1355824, 11.355, 72.0
1677130983.336118, 11.355, 73.25
1677130983.536657, 11.355, 72.25
1677130983.7371805, 11.355, 72.5
1677130983.9377053, 11.355, 71.25
1677130984.1382444, 11.107, 71.75
1677130984.3387897, 11.107, 72.5
1677130984.539401, 11.107, 72.75
1677130984.739928, 11.107, 72.0
1677130984.940472, 11.107, 72.25
1677130985.1409798, 11.107, 72.25
1677130985.3414977, 11.607, 72.5
1677130985.5420172, 11.607, 71.5
1677130985.7425408, 11.607, 71.75
1677130985.9432259, 11.607, 72.25
1677130986.1437652, 11.069, 72.0
1677130986.3443065, 11.069, 72.5
1677130986.5448492, 11.069, 72.0
1677130986.7453883, 11.069, 72.25
1677130986.9459407, 11.069, 72.25
1677130987.1464703, 11.218, 71.25
1677130987.3469975, 11.218, 72.5
1677130987.5475252, 11.218, 72.0
1677130987.748025, 11.218, 72.5
1677130987.9485428, 11.218, 72.25
1677130988.1490407, 11.168, 72.0
1677130988.349563, 11.168, 72.0
1677130988.5500906, 11.168, 72.0
1677130988.7506142, 11.168, 72.25
1677130988.9512727, 11.168, 73.0
1677130989.1518044, 11.355, 73.0
1677130989.3523278, 11.355, 73.25
1677130989.552875, 11.355, 72.25
1677130989.753382, 11.355, 72.0
1677130989.9540842, 11.355, 72.5
1677130990.154611, 11.355, 72.5
1677130990.3553002, 11.298, 72.5
1677130990.5558083, 11.298, 72.75
1677130990.7563648, 11.298, 72.75
1677130990.9569218, 11.298, 73.0
1677130991.157474, 11.397, 71.25
1677130991.3579967, 11.397, 72.25
1677130991.5585396, 11.397, 72.5
1677130991.7592535, 11.397, 73.0
1677130991.9597938, 11.397, 72.5
1677130992.1603248, 11.691, 73.25
1677130992.3608575, 11.691, 73.5
1677130992.5614293, 11.691, 73.0
1677130992.7619693, 11.691, 72.75
1677130992.9625452, 11.691, 73.0
1677130993.1630704, 11.718, 73.0
1677130993.3637214, 11.718, 73.0
1677130993.5642562, 11.718, 72.75
1677130993.7648046, 11.718, 73.0
1677130993.9653301, 11.718, 72.75
1677130994.1658678, 11.718, 72.75
1677130994.3664055, 11.057, 72.75
1677130994.566926, 11.057, 72.75
1677130994.767453, 11.057, 73.0
1677130994.9679883, 11.057, 73.0
1677130995.1685607, 11.535, 72.5
1677130995.3690834, 11.535, 72.75
1677130995.5696208, 11.535, 73.0
1677130995.7701304, 11.535, 73.25
1677130995.970659, 11.535, 73.0
1677130996.1714146, 11.508, 73.25
1677130996.37196, 11.508, 73.25
1677130996.5725002, 11.508, 73.0
1677130996.7730265, 11.508, 72.5
1677130996.9735677, 10.916, 72.5
1677130997.1741269, 10.916, 73.25
1677130997.3746524, 10.916, 72.25
1677130997.5753164, 10.916, 72.25
1677130997.7758653, 10.916, 72.25
1677130997.9764116, 10.916, 72.75
1677130998.1769276, 11.294, 73.0
1677130998.3774338, 11.294, 72.25
1677130998.577922, 11.294, 72.25
1677130998.7784605, 11.294, 73.0
1677130998.978995, 11.294, 73.0
1677130999.1795352, 11.099, 72.0
1677130999.3800511, 11.099, 72.5
1677130999.5805998, 11.099, 72.5
1677130999.7811353, 11.099, 73.0
1677130999.981671, 11.099, 73.25
1677131000.1823483, 11.099, 73.25
1677131000.3828692, 11.157, 73.0
1677131000.5834196, 11.157, 73.0
1677131000.7839644, 11.157, 72.5
1677131000.9845243, 11.157, 73.0
1677131001.185054, 10.932, 73.0
1677131001.3855991, 10.932, 73.25
1677131001.586281, 10.932, 73.5
1677131001.7867975, 10.932, 73.0
1677131001.9873302, 10.974, 73.25
1677131002.187861, 10.974, 73.25
1677131002.388375, 10.974, 73.0
1677131002.5890439, 10.974, 73.0
1677131002.7895956, 10.974, 72.75
1677131002.9901237, 10.974, 72.5
1677131003.1905413, 10.611, 72.0
1677131003.3909605, 10.611, 73.0
1677131003.5913508, 10.611, 73.0
1677131003.791886, 10.611, 73.0
1677131003.9924178, 10.611, 73.0
1677131004.1929514, 11.309, 73.0
1677131004.3934445, 11.309, 72.25
1677131004.593972, 11.309, 73.0
1677131004.7945144, 11.309, 73.0
1677131004.9950745, 11.309, 72.5
1677131005.195606, 11.515, 73.25
1677131005.3960998, 11.515, 72.5
1677131005.5966427, 11.515, 73.25
1677131005.7971838, 11.515, 73.25
1677131005.9977317, 11.748, 73.25
1677131006.1983047, 11.748, 72.5
1677131006.3989937, 11.748, 72.25
1677131006.599512, 11.748, 72.25
1677131006.800034, 11.748, 72.5
1677131007.000558, 11.748, 73.0
1677131007.2011144, 11.279, 73.0
1677131007.4016445, 11.279, 73.25
1677131007.6023242, 11.279, 72.75
1677131007.8028736, 11.279, 72.5
1677131008.0034363, 11.279, 72.75
1677131008.2039785, 11.599, 72.5
1677131008.4045308, 11.599, 73.25
1677131008.605096, 11.599, 72.75
1677131008.8056588, 11.599, 73.0
1677131009.0061824, 11.599, 73.25
1677131009.2067194, 11.5, 71.5
1677131009.4072757, 11.5, 73.0
1677131009.607807, 11.5, 73.0
1677131009.8083262, 11.5, 73.0
1677131010.0088372, 11.5, 73.75
1677131010.2093585, 11.653, 73.0
1677131010.409887, 11.653, 73.25
1677131010.61045, 11.653, 73.5
1677131010.8109791, 11.653, 73.5
1677131011.0115035, 11.21, 73.25
1677131011.2120295, 11.21, 73.0
1677131011.412538, 11.21, 73.25
1677131011.613079, 11.21, 73.25
1677131011.8136058, 11.21, 73.0
1677131012.0141337, 11.21, 73.5
1677131012.21468, 11.5, 73.5
1677131012.4153109, 11.5, 73.25
1677131012.6158388, 11.5, 73.0
1677131012.816354, 11.5, 73.25
1677131013.0168643, 11.5, 73.5
1677131013.217378, 10.748, 73.0
1677131013.417897, 10.748, 73.0
1677131013.6184123, 10.748, 73.0
1677131013.8189468, 10.748, 73.25
1677131014.0194187, 11.328, 73.0
1677131014.2199523, 11.328, 73.75
1677131014.4204657, 11.328, 73.0
1677131014.620995, 11.328, 73.25
1677131014.8215344, 11.328, 73.0
1677131015.0220718, 11.328, 73.5
1677131015.222576, 10.744, 73.25
1677131015.423267, 10.744, 73.25
1677131015.6238055, 10.744, 72.0
1677131015.8243537, 10.744, 73.0
1677131016.0247996, 10.76, 73.25
1677131016.225138, 10.76, 73.5
1677131016.4255798, 10.76, 74.0
1677131016.626207, 10.76, 73.75
1677131016.8266776, 10.76, 73.25
1677131017.0272272, 10.76, 73.0
1677131017.2282197, 11.542, 73.0
1677131017.428668, 11.542, 73.25
1677131017.6292105, 11.542, 73.0
1677131017.8297513, 11.542, 73.0
1677131018.0303519, 11.542, 73.0
1677131018.230872, 11.409, 73.25
1677131018.431429, 11.409, 73.25
1677131018.6319585, 11.409, 73.0
1677131018.8324935, 11.409, 72.5
1677131019.0330327, 11.409, 73.0
1677131019.2335722, 11.474, 72.5
1677131019.4340744, 11.474, 73.25
1677131019.6345785, 11.474, 74.0
1677131019.8350146, 11.474, 74.0
1677131020.0353224, 11.489, 73.25
1677131020.2357485, 11.489, 73.5
1677131020.4362812, 11.489, 73.75
1677131020.6368077, 11.489, 74.0
1677131020.8373218, 11.489, 73.0
1677131021.0380006, 10.996, 73.25
1677131021.2385283, 10.996, 72.75
1677131021.4390504, 10.996, 73.0
1677131021.6395469, 10.996, 73.0
1677131021.8400743, 10.996, 73.0
1677131022.040597, 10.996, 72.0
1677131022.2411559, 11.107, 73.0
1677131022.441682, 11.107, 73.25
1677131022.642208, 11.107, 72.75
1677131022.8427641, 11.107, 73.25
1677131023.0433497, 11.363, 72.25
1677131023.2438977, 11.363, 73.25
1677131023.444442, 11.363, 73.0
1677131023.6450076, 11.363, 73.0
1677131023.845577, 11.363, 73.75
1677131024.0461187, 11.466, 73.25
1677131024.2466764, 11.466, 73.0
1677131024.4473462, 11.466, 73.0
1677131024.6479015, 11.466, 73.25
1677131024.8484373, 11.466, 73.25
1677131025.048965, 11.374, 73.5
1677131025.249486, 11.374, 73.25
1677131025.450008, 11.374, 73.75
1677131025.6505437, 11.374, 72.75
1677131025.8510752, 11.374, 73.5
1677131026.051606, 11.374, 74.0
1677131026.2521548, 10.928, 73.25
1677131026.452667, 10.928, 73.25
1677131026.6532164, 10.928, 73.0
1677131026.8537598, 10.928, 73.5
1677131027.0543091, 11.485, 73.75
1677131027.254839, 11.485, 73.25
1677131027.4553874, 11.485, 73.25
1677131027.6559243, 11.485, 73.75
1677131027.8564694, 11.485, 74.0
1677131028.057014, 11.493, 73.0
1677131028.2575588, 11.493, 73.25
1677131028.4581118, 11.493, 73.25
1677131028.6587005, 11.493, 73.25
1677131028.8592787, 11.493, 73.5
1677131029.0598056, 10.985, 73.75
1677131029.2603343, 10.985, 74.0
1677131029.4608672, 10.985, 73.5
1677131029.6613786, 10.985, 74.0
1677131029.8618884, 10.985, 74.0
1677131030.0624125, 11.573, 74.0
1677131030.262941, 11.573, 74.25
1677131030.4634628, 11.573, 73.5
1677131030.6639912, 11.573, 73.75
1677131030.8645227, 11.573, 74.0
1677131031.0650783, 11.668, 72.5
1677131031.2655792, 11.668, 73.25
1677131031.4660916, 11.668, 73.0
1677131031.6666334, 11.668, 73.0
1677131031.8673408, 11.668, 73.0
1677131032.0679064, 11.317, 73.0
1677131032.268426, 11.317, 73.5
1677131032.4689655, 11.317, 73.75
1677131032.669491, 11.317, 73.75
1677131032.8700132, 11.317, 74.0
1677131033.0705414, 11.603, 73.5
1677131033.2710547, 11.603, 74.25
1677131033.471566, 11.603, 73.5
1677131033.6720948, 11.603, 73.75
1677131033.8726215, 11.603, 74.0
1677131034.0731874, 11.233, 74.0
1677131034.2737024, 11.233, 74.0
1677131034.4742403, 11.233, 74.25
1677131034.6747842, 11.233, 73.75
1677131034.8754265, 11.233, 72.25
1677131035.0759783, 11.55, 74.0
1677131035.2764816, 11.55, 74.0
1677131035.4769967, 11.55, 74.0
1677131035.6775374, 11.55, 74.25
1677131035.87805, 11.55, 73.5
1677131036.0786035, 11.554, 72.5
1677131036.279284, 11.554, 73.75
1677131036.4798005, 11.554, 73.25
1677131036.6803308, 11.554, 73.25
1677131036.8808622, 11.554, 73.75
1677131037.0813751, 10.932, 73.5
1677131037.2818935, 10.932, 74.25
1677131037.4824002, 10.932, 73.75
1677131037.682941, 10.932, 73.25
1677131037.8834581, 10.932, 73.5
1677131038.0839932, 11.512, 73.0
1677131038.2845292, 11.512, 73.0
1677131038.4849467, 11.512, 73.5
1677131038.6853669, 11.512, 74.0
1677131038.8861558, 11.512, 73.75
1677131039.0865428, 11.825, 73.25
1677131039.2869651, 11.825, 74.0
1677131039.4875026, 11.825, 74.0
1677131039.688041, 11.825, 73.75
1677131039.8885837, 11.825, 73.25
1677131040.0890522, 11.672, 74.0
1677131040.2893765, 11.672, 74.0
1677131040.4898183, 11.672, 74.0
1677131040.6903539, 11.672, 74.0
1677131040.890877, 11.672, 73.25
1677131041.0914032, 11.359, 73.25
1677131041.291952, 11.359, 73.5
1677131041.4924839, 11.359, 74.0
1677131041.6929996, 11.359, 74.25
1677131041.8935115, 11.359, 73.75
1677131042.0940528, 11.302, 73.25
1677131042.2945783, 11.302, 74.25
1677131042.495304, 11.302, 72.75
1677131042.695843, 11.302, 73.25
1677131042.8963664, 11.302, 73.5
1677131043.0969336, 11.538, 73.75
1677131043.2974694, 11.538, 74.0
1677131043.497978, 11.538, 72.75
1677131043.6985066, 11.538, 73.25
1677131043.8990545, 11.538, 73.25
1677131044.0995922, 11.172, 73.5
1677131044.3001382, 11.172, 72.25
1677131044.5006776, 11.172, 73.5
1677131044.7015707, 11.172, 73.75
1677131044.9023263, 11.172, 73.5
1677131045.1028516, 11.317, 74.0
1677131045.3033903, 11.317, 73.25
1677131045.5039387, 11.317, 73.75
1677131045.7044964, 11.317, 72.5
1677131045.9050593, 11.317, 73.25
1677131046.1054876, 10.737, 73.5
1677131046.3058178, 10.737, 74.25
1677131046.5061512, 10.737, 73.75
1677131046.706456, 10.737, 74.0
1677131046.906824, 10.737, 73.75
1677131047.1071813, 11.34, 73.75
1677131047.3075998, 11.34, 74.25
1677131047.508183, 11.34, 74.0
1677131047.7087376, 11.34, 74.25
1677131047.9092631, 11.34, 74.25
1677131048.1098015, 11.828, 73.25
1677131048.31035, 11.828, 73.75
1677131048.5108345, 11.828, 74.25
1677131048.7112186, 11.828, 74.0
1677131048.91166, 11.828, 71.75
1677131049.112192, 11.828, 73.0
1677131049.3126585, 11.355, 73.5
1677131049.5130837, 11.355, 73.75
1677131049.713639, 11.355, 74.0
1677131049.9141598, 11.355, 74.25
1677131050.1146865, 11.355, 73.5
1677131050.3152568, 11.538, 74.5
1677131050.5158055, 11.538, 74.0
1677131050.7163343, 11.538, 74.5
1677131050.9168653, 11.538, 74.0
1677131051.1173916, 11.538, 74.0
1677131051.3180745, 11.844, 74.75
1677131051.5184805, 11.844, 74.5
1677131051.7190075, 11.844, 74.5
1677131051.9195182, 11.844, 74.75
1677131052.1200495, 11.87, 74.5
1677131052.320577, 11.87, 74.0
1677131052.5211024, 11.87, 74.0
1677131052.721657, 11.87, 74.25
1677131052.9221926, 11.87, 75.0
1677131053.1227255, 11.779, 74.75
1677131053.323293, 11.779, 75.0
1677131053.5237372, 11.779, 74.75
1677131053.7240393, 11.779, 74.5
1677131053.9243505, 11.779, 74.75
1677131054.1247811, 11.367, 74.5
1677131054.325305, 11.367, 74.75
1677131054.5258577, 11.367, 74.0
1677131054.7264218, 11.367, 74.75
1677131054.9269488, 11.367, 74.75
1677131055.1272666, 11.722, 74.75
1677131055.3276932, 11.722, 75.0
1677131055.5282288, 11.722, 74.5
1677131055.728775, 11.722, 74.75
1677131055.9293108, 11.722, 75.0
1677131056.1298463, 11.722, 74.25
1677131056.3303452, 11.661, 75.0
1677131056.5308478, 11.661, 73.5
1677131056.7312677, 11.661, 74.25
1677131056.9315863, 11.661, 74.25
1677131057.1320112, 11.661, 74.25
1677131057.3325348, 11.718, 74.0
1677131057.5330057, 11.718, 74.75
1677131057.733327, 11.718, 74.5
1677131057.9337242, 11.718, 74.0
1677131058.134048, 11.817, 74.0
1677131058.334361, 11.817, 74.5
1677131058.5346873, 11.817, 74.0
1677131058.7352624, 11.817, 74.0
1677131058.9358006, 11.817, 74.25
1677131059.1363294, 11.546, 74.25
1677131059.3368883, 11.546, 74.0
1677131059.5374305, 11.546, 74.0
1677131059.7379436, 11.546, 73.5
1677131059.9384654, 11.546, 73.25
1677131060.1389978, 10.932, 74.0
1677131060.3395238, 10.932, 74.25
1677131060.5400476, 10.932, 74.25
1677131060.7405863, 10.932, 73.75
1677131060.9411292, 10.932, 74.25
1677131061.141665, 11.817, 73.5
1677131061.3421957, 11.817, 74.0
1677131061.5427196, 11.817, 74.0
1677131061.7432635, 11.817, 73.5
1677131061.943802, 11.817, 73.5
1677131062.1443508, 11.138, 73.5
1677131062.3448935, 11.138, 74.75
1677131062.5454109, 11.138, 74.25
1677131062.7460704, 11.138, 73.75
1677131062.9466107, 11.138, 74.25
1677131063.1472795, 11.176, 74.5
1677131063.3477967, 11.176, 75.0
1677131063.5483005, 11.176, 72.75
1677131063.7488415, 11.176, 74.0
1677131063.9493685, 11.176, 73.75
1677131064.149899, 11.264, 74.0
1677131064.350402, 11.264, 74.5
1677131064.5509207, 11.264, 74.75
1677131064.7514496, 11.264, 74.75
1677131064.951978, 11.264, 74.75
1677131065.1525435, 11.832, 74.5
1677131065.3530774, 11.832, 74.75
1677131065.5535848, 11.832, 74.0
1677131065.7541113, 11.832, 74.75
1677131065.9546528, 11.832, 75.0
1677131066.1552973, 11.107, 74.25
1677131066.3558288, 11.107, 74.25
1677131066.5563853, 11.107, 74.25
1677131066.756928, 11.107, 74.25
1677131066.9574625, 11.107, 75.0
1677131067.1579866, 11.634, 74.25
1677131067.3585289, 11.634, 75.25
1677131067.5590649, 11.634, 74.5
1677131067.7596078, 11.634, 74.75
1677131067.9601538, 11.634, 74.25
1677131068.1606822, 11.641, 74.75
1677131068.3612237, 11.641, 73.25
1677131068.5617468, 11.641, 73.5
1677131068.7622814, 11.641, 74.0
1677131068.9628088, 11.641, 74.5
1677131069.1634247, 11.645, 75.0
1677131069.3639593, 11.645, 74.25
1677131069.5645082, 11.645, 74.25
1677131069.7650764, 11.645, 74.75
1677131069.9655955, 11.645, 74.25
1677131070.1661396, 11.573, 75.25
1677131070.3666892, 11.573, 75.0
1677131070.5673199, 11.573, 75.0
1677131070.767838, 11.573, 74.5
1677131070.968375, 11.573, 75.0
1677131071.1689043, 11.714, 75.0
1677131071.369427, 11.714, 75.0
1677131071.5699232, 11.714, 75.0
1677131071.7704806, 11.714, 73.75
1677131071.9710014, 11.714, 75.25
1677131072.1715117, 11.477, 75.0
1677131072.3720357, 11.477, 75.25
1677131072.5725951, 11.477, 75.25
1677131072.773143, 11.477, 75.25
1677131072.9736702, 11.477, 75.25
1677131073.1742117, 11.649, 74.5
1677131073.3747506, 11.649, 75.25
1677131073.5754173, 11.649, 75.0
1677131073.7759826, 11.649, 75.0
1677131073.9765441, 11.622, 75.0
1677131074.1770568, 11.622, 75.25
1677131074.377603, 11.622, 75.0
1677131074.578138, 11.622, 75.25
1677131074.7786906, 11.622, 75.5
1677131074.9792514, 11.622, 75.0
1677131075.179752, 11.573, 75.0
1677131075.3803232, 11.573, 75.0
1677131075.5808673, 11.573, 74.75
1677131075.781388, 11.573, 75.0
1677131075.9819043, 11.573, 75.0
1677131076.1824577, 11.416, 74.75
1677131076.3829753, 11.416, 74.5
1677131076.5834434, 11.416, 75.0
1677131076.7839787, 11.416, 74.75
1677131076.9844983, 11.416, 74.75
1677131077.1850245, 11.943, 74.75
1677131077.385538, 11.943, 75.0
1677131077.5862472, 11.943, 74.25
1677131077.7867854, 11.943, 74.5
1677131077.987322, 11.943, 74.25
1677131078.1878264, 11.367, 75.25
1677131078.3883433, 11.367, 73.75
1677131078.5888677, 11.367, 75.25
1677131078.7895284, 11.367, 75.0
1677131078.9900975, 11.367, 74.25
1677131079.1906404, 11.176, 74.5
1677131079.3913326, 11.176, 74.75
1677131079.591859, 11.176, 75.25
1677131079.7923942, 11.176, 75.0
1677131079.9929292, 11.176, 75.0
1677131080.193472, 11.5, 75.25
1677131080.3939886, 11.5, 75.0
1677131080.5945232, 11.5, 74.5
1677131080.7950418, 11.5, 74.75
1677131080.9955697, 11.5, 75.25
1677131081.1960845, 11.363, 74.75
1677131081.3965826, 11.363, 75.25
1677131081.597109, 11.363, 74.75
1677131081.7976558, 11.363, 75.0
1677131081.9981906, 11.363, 75.0
1677131082.1987216, 11.714, 75.0
1677131082.3994052, 11.714, 75.5
1677131082.5999303, 11.714, 75.25
1677131082.800501, 11.714, 74.75
1677131083.001024, 11.714, 74.5
1677131083.201559, 11.661, 75.0
1677131083.402077, 11.661, 75.0
1677131083.6025918, 11.661, 75.75
1677131083.8032393, 11.661, 75.0
1677131084.0037596, 11.661, 75.0
1677131084.2043047, 11.649, 75.25
1677131084.4048395, 11.649, 75.25
1677131084.6053925, 11.649, 75.25
1677131084.8059192, 11.649, 75.25
1677131085.006476, 11.649, 75.75
1677131085.2070153, 11.603, 75.25
1677131085.407551, 11.603, 75.0
1677131085.6080816, 11.603, 75.25
1677131085.8086183, 11.603, 75.25
1677131086.0091636, 11.603, 75.0
1677131086.209699, 11.771, 75.0
1677131086.4102418, 11.771, 74.0
1677131086.6107643, 11.771, 74.75
1677131086.8113422, 11.771, 74.5
1677131087.0118964, 11.687, 75.0
1677131087.2124045, 11.687, 75.25
1677131087.4129066, 11.687, 74.25
1677131087.61344, 11.687, 74.25
1677131087.8139718, 11.687, 74.75
1677131088.0145237, 11.687, 75.25
1677131088.2150643, 11.435, 74.75
1677131088.4156268, 11.435, 74.25
1677131088.6161418, 11.435, 74.25
1677131088.8166714, 11.435, 75.0
1677131089.0172045, 11.435, 74.0
1677131089.2177408, 11.687, 74.5
1677131089.4182625, 11.687, 74.25
1677131089.618818, 11.687, 73.75
1677131089.8193603, 11.687, 74.75
1677131090.0198836, 11.687, 74.75
1677131090.220404, 11.687, 74.75
1677131090.4209452, 11.611, 75.0
1677131090.62145, 11.611, 75.0
1677131090.8219812, 11.611, 74.75
1677131091.0225065, 11.661, 74.25
1677131091.223052, 11.661, 75.25
1677131091.4235597, 11.661, 75.75
1677131091.6240892, 11.661, 75.0
1677131091.824688, 11.661, 74.5
1677131092.0252442, 11.328, 75.0
1677131092.2257688, 11.328, 74.5
1677131092.4262881, 11.328, 75.25
1677131092.6268246, 11.328, 75.0
1677131092.8273644, 11.328, 75.0
1677131093.027883, 11.328, 74.5
1677131093.228418, 11.328, 75.0
1677131093.4289484, 11.462, 75.0
1677131093.6294718, 11.462, 75.0
1677131093.829984, 11.462, 75.0
1677131094.0305045, 11.462, 74.75
1677131094.231036, 11.645, 75.0
1677131094.4315648, 11.645, 75.0
1677131094.632098, 11.645, 75.0
1677131094.832639, 11.645, 75.25
1677131095.0331821, 11.592, 75.0
1677131095.2337234, 11.592, 75.75
1677131095.4342437, 11.592, 74.75
1677131095.634788, 11.592, 75.25
1677131095.8353045, 11.592, 74.75
1677131096.0358443, 11.313, 74.75
1677131096.2363877, 11.313, 74.75
1677131096.4369411, 11.313, 74.75
1677131096.6375263, 11.313, 74.25
1677131096.8380928, 11.313, 74.5
1677131097.0386276, 11.313, 74.25
1677131097.2392817, 11.088, 74.25
1677131097.4398153, 11.088, 75.0
1677131097.6403441, 11.088, 74.75
1677131097.8409069, 11.088, 74.0
1677131098.0414448, 11.844, 74.25
1677131098.2419698, 11.844, 74.75
1677131098.4424846, 11.844, 75.25
1677131098.6430175, 11.844, 75.0
1677131098.843579, 11.844, 75.25
1677131099.0441194, 11.844, 75.5
1677131099.244669, 11.813, 75.0
1677131099.4452033, 11.813, 75.0
1677131099.6457646, 11.813, 74.0
1677131099.8462813, 11.813, 75.0
1677131100.046823, 11.412, 75.25
1677131100.247366, 11.412, 75.75
1677131100.4479067, 11.412, 75.0
1677131100.6484644, 11.412, 75.0
1677131100.8489974, 11.412, 75.25
1677131101.0495331, 11.683, 74.75
1677131101.2500608, 11.683, 74.5
1677131101.4505866, 11.683, 75.25
1677131101.6512516, 11.683, 75.0
1677131101.8517847, 11.683, 75.0
1677131102.0523338, 11.596, 75.0
1677131102.2528546, 11.596, 75.25
1677131102.4533706, 11.596, 75.75
1677131102.6538985, 11.596, 75.0
1677131102.8544223, 11.596, 75.25
1677131103.0549555, 11.596, 75.0
1677131103.2554755, 11.161, 75.0
1677131103.4559906, 11.161, 75.0
1677131103.6565185, 11.161, 75.5
1677131103.8570235, 11.161, 75.75
1677131104.057559, 11.161, 75.0
1677131104.258088, 11.916, 75.25
1677131104.4586008, 11.916, 75.5
1677131104.659236, 11.916, 75.5
1677131104.8597748, 11.916, 75.25
1677131105.0603094, 11.641, 75.25
1677131105.26082, 11.641, 75.5
1677131105.4613767, 11.641, 75.0
1677131105.6619072, 11.641, 74.5
1677131105.862464, 11.641, 74.5
1677131106.0630035, 11.641, 74.75
1677131106.2635307, 11.626, 75.5
1677131106.4640274, 11.626, 75.75
1677131106.6645367, 11.626, 74.25
1677131106.8650477, 11.626, 74.25
1677131107.0655773, 10.844, 74.75
1677131107.2661164, 10.844, 75.0
1677131107.466639, 10.844, 75.25
1677131107.667292, 10.844, 75.0
1677131107.867808, 10.844, 75.25
1677131108.0683484, 11.508, 75.5
1677131108.2688916, 11.508, 75.0
1677131108.4694667, 11.508, 75.0
1677131108.6699843, 11.508, 76.0
1677131108.8705125, 11.508, 75.75
1677131109.0710738, 11.912, 75.25
1677131109.2715952, 11.912, 75.0
1677131109.4721098, 11.912, 75.0
1677131109.6726656, 11.912, 74.5
1677131109.8731701, 11.912, 74.75
1677131110.0736876, 11.683, 75.25
1677131110.274212, 11.683, 75.5
1677131110.4748902, 11.683, 75.25
1677131110.675421, 11.683, 75.25
1677131110.8759644, 11.683, 75.0
1677131111.0764887, 11.87, 75.0
1677131111.2770188, 11.87, 75.75
1677131111.4775457, 11.87, 75.5
1677131111.6781273, 11.87, 75.25
1677131111.878685, 11.87, 75.75
1677131112.0794227, 11.87, 75.75
1677131112.2799635, 11.599, 75.75
1677131112.4805076, 11.599, 75.25
1677131112.6810296, 11.599, 75.0
1677131112.88155, 11.599, 75.5
1677131113.0822237, 11.603, 75.0
1677131113.2827387, 11.603, 74.5
1677131113.483266, 11.603, 75.0
1677131113.6837845, 11.603, 75.0
1677131113.8842995, 11.603, 75.25
1677131114.0848413, 11.722, 75.0
1677131114.2853782, 11.722, 75.75
1677131114.4858983, 11.722, 75.0
1677131114.686341, 11.722, 75.5
1677131114.8867943, 11.722, 75.0
1677131115.0874488, 11.722, 75.75
1677131115.2878857, 11.676, 76.0
1677131115.488321, 11.676, 75.25
1677131115.6888561, 11.676, 75.0
1677131115.889405, 11.676, 74.75
1677131116.0899482, 11.42, 74.0
1677131116.2904768, 11.42, 75.0
1677131116.4909928, 11.42, 74.5
1677131116.691541, 11.42, 75.25
1677131116.892087, 11.42, 75.5
1677131117.0926151, 11.878, 75.0
1677131117.2931361, 11.878, 76.0
1677131117.493659, 11.878, 75.0
1677131117.6942008, 11.878, 75.25
1677131117.8947623, 11.878, 75.25
1677131118.0953314, 11.878, 75.5
1677131118.295861, 11.893, 75.75
1677131118.4963686, 11.893, 75.75
1677131118.6969147, 11.893, 76.0
1677131118.8974464, 11.893, 75.0
1677131119.0981383, 11.851, 75.0
1677131119.298648, 11.851, 75.75
1677131119.4992878, 11.851, 75.5
1677131119.6998148, 11.851, 75.5
1677131119.9003584, 11.851, 75.5
1677131120.1008873, 11.706, 75.25
1677131120.301419, 11.706, 76.0
1677131120.5019302, 11.706, 76.0
1677131120.702626, 11.706, 75.25
1677131120.9032753, 11.706, 75.25
1677131121.103821, 11.951, 75.0
1677131121.3043575, 11.951, 75.0
1677131121.5048995, 11.951, 75.75
1677131121.7054315, 11.951, 76.25
1677131121.9059677, 11.951, 75.5
1677131122.1065128, 11.951, 75.5
1677131122.307042, 11.691, 75.0
1677131122.5075934, 11.691, 75.0
1677131122.708123, 11.691, 75.25
1677131122.908638, 11.691, 75.25
1677131123.1091459, 11.653, 75.0
1677131123.3096864, 11.653, 75.75
1677131123.5102162, 11.653, 75.5
1677131123.7107718, 11.653, 74.25
1677131123.911357, 11.653, 75.5
1677131124.1118867, 11.607, 75.0
1677131124.3124027, 11.607, 76.0
1677131124.512945, 11.607, 75.75
1677131124.7136347, 11.607, 75.25
1677131124.914149, 11.607, 75.25
1677131125.1146622, 11.607, 75.0
1677131125.315311, 11.321, 75.25
1677131125.5158124, 11.321, 75.75
1677131125.7163517, 11.321, 75.25
1677131125.9168904, 11.321, 75.25
1677131126.1174197, 11.493, 75.25
1677131126.317947, 11.493, 76.0
1677131126.5184839, 11.493, 76.0
1677131126.7190225, 11.493, 75.5
1677131126.9195702, 11.493, 75.0
1677131127.1200945, 11.141, 75.25
1677131127.3205988, 11.141, 76.25
1677131127.5211198, 11.141, 75.5
1677131127.721688, 11.141, 75.5
1677131127.9222112, 11.141, 75.5
1677131128.1227722, 11.18, 75.75
1677131128.3233333, 11.18, 75.75
1677131128.5238628, 11.18, 75.5
1677131128.7243965, 11.18, 74.75
1677131128.9249485, 11.18, 75.75
1677131129.125462, 11.809, 75.75
1677131129.3259811, 11.809, 75.5
1677131129.5265484, 11.809, 75.75
1677131129.7270691, 11.809, 75.75
1677131129.927639, 11.809, 75.75
1677131130.1281328, 11.867, 75.5
1677131130.3286765, 11.867, 75.75
1677131130.5292094, 11.867, 75.5
1677131130.7297401, 11.867, 75.0
1677131130.9304056, 11.867, 74.0
1677131131.1309323, 11.5, 75.0
1677131131.331458, 11.5, 75.75
1677131131.5319831, 11.5, 75.5
1677131131.732506, 11.5, 75.0
1677131131.9330237, 11.5, 75.5
1677131132.1335795, 11.68, 75.5
1677131132.3341117, 11.68, 76.25
1677131132.5346532, 11.68, 75.5
1677131132.7353, 11.68, 75.75
1677131132.93581, 11.68, 75.25
1677131133.1363354, 11.68, 76.0
1677131133.3368595, 11.37, 75.25
1677131133.5373466, 11.37, 75.75
1677131133.7378862, 11.37, 74.75
1677131133.9384215, 11.37, 75.0
1677131134.1389337, 12.065, 75.25
1677131134.3394544, 12.065, 75.25
1677131134.5399628, 12.065, 75.25
1677131134.7404819, 12.065, 75.5
1677131134.941043, 12.065, 75.5
1677131135.1419132, 11.592, 75.0
1677131135.34244, 11.592, 75.5
1677131135.5429852, 11.592, 74.75
1677131135.7434232, 11.592, 75.25
1677131135.9439712, 11.592, 76.0
1677131136.1444118, 11.809, 75.5
1677131136.344732, 11.809, 75.5
1677131136.5450997, 11.809, 75.5
1677131136.7455168, 11.809, 75.5
1677131136.9460354, 11.809, 75.5
1677131137.1466172, 11.527, 75.5
1677131137.3470552, 11.527, 76.0
1677131137.5475814, 11.527, 76.0
1677131137.748026, 11.527, 74.75
1677131137.9485483, 11.527, 75.75
1677131138.1490648, 11.844, 75.5
1677131138.349507, 11.844, 74.75
1677131138.5498276, 11.844, 75.75
1677131138.7502687, 11.844, 75.25
1677131138.9508035, 11.844, 75.0
1677131139.1513584, 10.87, 75.0
1677131139.351868, 10.87, 75.75
1677131139.5524042, 10.87, 75.5
1677131139.7529454, 10.87, 75.75
1677131139.9534864, 10.87, 75.75
1677131140.1541975, 11.676, 75.0
1677131140.3547335, 11.676, 76.0
1677131140.5552645, 11.676, 75.75
1677131140.7558017, 11.676, 75.5
1677131140.9563484, 11.676, 76.0
1677131141.156886, 11.676, 75.75
1677131141.3574226, 11.672, 75.75
1677131141.5579643, 11.672, 75.75
1677131141.7584877, 11.672, 75.25
1677131141.9590142, 11.672, 75.75
1677131142.1595554, 11.687, 75.25
1677131142.360064, 11.687, 75.5
1677131142.5606003, 11.687, 75.5
1677131142.761163, 11.687, 75.5
1677131142.9617217, 11.687, 75.5
1677131143.1622565, 11.542, 75.0
1677131143.3627555, 11.542, 76.25
1677131143.5633028, 11.542, 75.75
1677131143.7638555, 11.542, 75.25
1677131143.9643884, 11.542, 75.5
1677131144.1649215, 11.809, 75.75
1677131144.365448, 11.809, 76.0
1677131144.5659943, 11.809, 75.5
1677131144.7665267, 11.809, 75.25
1677131144.9670668, 11.809, 75.25
1677131145.1675947, 11.416, 75.25
1677131145.3681266, 11.416, 75.5
1677131145.5686553, 11.416, 75.5
1677131145.769213, 11.416, 75.5
1677131145.969751, 11.416, 75.75
1677131146.170274, 11.779, 75.5
1677131146.3707998, 11.779, 75.5
1677131146.5713372, 11.779, 75.75
1677131146.7718587, 11.779, 75.75
1677131146.9723773, 11.779, 76.0
1677131147.1729286, 11.599, 76.0
1677131147.373453, 11.599, 76.0
1677131147.5739803, 11.599, 75.0
1677131147.774515, 11.599, 76.25
1677131147.9750626, 11.599, 75.0
1677131148.1756303, 11.668, 75.75
1677131148.3761766, 11.668, 75.75
1677131148.5767245, 11.668, 75.5
1677131148.7772646, 11.668, 75.75
1677131148.977787, 11.668, 76.0
1677131149.1784558, 11.802, 75.0
1677131149.3792377, 11.802, 76.0
1677131149.5797973, 11.802, 75.75
1677131149.7803338, 11.802, 75.75
1677131149.9808662, 11.802, 75.25
1677131150.181355, 11.89, 75.75
1677131150.3818722, 11.89, 76.0
1677131150.582421, 11.89, 75.25
1677131150.782949, 11.89, 75.75
1677131150.9834547, 11.89, 76.0
1677131151.183992, 11.89, 76.0
1677131151.384521, 11.725, 75.5
1677131151.5850341, 11.725, 76.0
1677131151.7855892, 11.725, 76.0
1677131151.9861023, 11.725, 76.0
1677131152.1866486, 11.76, 74.5
1677131152.3873014, 11.76, 76.0
1677131152.5878303, 11.76, 76.0
1677131152.788387, 11.76, 76.0
1677131152.9889176, 11.76, 75.5
1677131153.189431, 11.901, 75.25
1677131153.3899474, 11.901, 76.25
1677131153.5904665, 11.901, 75.75
1677131153.7910554, 11.901, 75.75
1677131153.991587, 11.901, 75.25
1677131154.192131, 11.779, 75.25
1677131154.3926513, 11.779, 75.5
1677131154.593169, 11.779, 75.75
1677131154.793704, 11.779, 75.5
1677131154.9942276, 11.645, 75.75
1677131155.194728, 11.645, 75.25
1677131155.3952627, 11.645, 75.75
1677131155.5957785, 11.645, 75.75
1677131155.796295, 11.645, 75.25
1677131155.9968057, 11.645, 76.0
1677131156.197356, 11.546, 75.75
1677131156.397874, 11.546, 75.75
1677131156.5983908, 11.546, 76.0
1677131156.7989235, 11.546, 75.75
1677131156.9994562, 11.546, 75.5
1677131157.19998, 11.546, 75.75
1677131157.4005058, 11.237, 75.75
1677131157.6010437, 11.237, 75.75
1677131157.8015773, 11.237, 75.25
1677131158.0020974, 11.237, 75.5
1677131158.2026072, 11.813, 76.0
1677131158.4033048, 11.813, 76.0
1677131158.6045513, 11.813, 76.0
1677131158.8050723, 11.813, 75.75
1677131159.0055966, 11.813, 75.25
1677131159.2060926, 11.832, 75.5
1677131159.4066155, 11.832, 76.5
1677131159.6072876, 11.832, 76.25
1677131159.8078165, 11.832, 76.0
1677131160.0083394, 11.874, 75.75
1677131160.2088773, 11.874, 75.75
1677131160.409391, 11.874, 76.0
1677131160.6098964, 11.874, 75.75
1677131160.8104153, 11.874, 75.75
1677131161.0109396, 11.874, 76.25
1677131161.2114735, 11.439, 76.0
1677131161.4120054, 11.439, 75.75
1677131161.6125305, 11.439, 75.5
1677131161.8130414, 11.439, 76.0
1677131162.0135615, 11.439, 75.75
1677131162.214117, 11.615, 76.0
1677131162.4146545, 11.615, 76.0
1677131162.6152754, 11.615, 75.5
1677131162.8158152, 11.615, 75.75
1677131163.0163486, 11.615, 76.0
1677131163.2168875, 11.706, 75.75
1677131163.417421, 11.706, 76.0
1677131163.6180968, 11.706, 75.75
1677131163.8186252, 11.706, 75.75
1677131164.019264, 11.909, 75.5
1677131164.2197926, 11.909, 75.75
1677131164.4203427, 11.909, 76.25
1677131164.6209455, 11.909, 75.25
1677131164.821458, 11.909, 75.75
1677131165.0220056, 11.638, 75.25
1677131165.2225478, 11.638, 75.25
1677131165.4230766, 11.638, 75.25
1677131165.6236007, 11.638, 75.0
1677131165.8241093, 11.638, 75.5
1677131166.0246751, 11.638, 76.0
1677131166.2252183, 11.855, 75.25
1677131166.4257445, 11.855, 75.75
1677131166.6262832, 11.855, 76.0
1677131166.8268065, 11.855, 76.0
1677131167.027337, 11.855, 75.25
1677131167.2278614, 11.725, 75.25
1677131167.4283547, 11.725, 76.0
1677131167.628874, 11.725, 75.75
1677131167.8294115, 11.725, 75.75
1677131168.029941, 11.68, 76.0
1677131168.230468, 11.68, 75.75
1677131168.4310231, 11.68, 76.25
1677131168.6315615, 11.68, 75.5
1677131168.8321042, 11.68, 75.5
1677131169.0326698, 11.683, 75.75
1677131169.2331953, 11.683, 76.25
1677131169.433717, 11.683, 76.75
1677131169.6342564, 11.683, 76.0
1677131169.8347883, 11.683, 75.5
1677131170.035309, 11.683, 75.25
1677131170.2358305, 11.672, 75.5
1677131170.4363632, 11.672, 76.25
1677131170.6369085, 11.672, 76.0
1677131170.8374705, 11.672, 75.5
1677131171.038008, 11.672, 75.5
1677131171.238556, 11.687, 75.25
1677131171.439246, 11.687, 74.75
1677131171.63978, 11.687, 75.75
1677131171.8402967, 11.687, 76.0
1677131172.0408113, 11.752, 76.0
1677131172.2413342, 11.752, 75.75
1677131172.4418569, 11.752, 76.0
1677131172.6423593, 11.752, 75.75
1677131172.8428848, 11.752, 76.0
1677131173.043406, 11.645, 76.25
1677131173.2439477, 11.645, 76.75
1677131173.4444575, 11.645, 76.75
1677131173.6449864, 11.645, 76.25
1677131173.8454905, 11.645, 76.25
1677131174.0460353, 11.794, 76.0
1677131174.246601, 11.794, 76.25
1677131174.4472637, 11.794, 75.75
1677131174.6478262, 11.794, 76.0
1677131174.8483348, 11.794, 76.25
1677131175.0488667, 11.794, 75.75
1677131175.249411, 11.695, 76.0
1677131175.4499543, 11.695, 76.0
1677131175.6504865, 11.695, 75.25
1677131175.8510542, 11.695, 75.25
1677131176.0515993, 11.695, 75.25
1677131176.2521324, 11.397, 76.0
1677131176.452671, 11.397, 76.25
1677131176.653196, 11.397, 76.25
1677131176.8537464, 11.397, 76.25
1677131177.054478, 11.974, 75.5
1677131177.2550185, 11.974, 75.5
1677131177.4555402, 11.974, 75.75
1677131177.6560695, 11.974, 75.5
1677131177.856622, 11.974, 75.75
1677131178.0571516, 11.974, 76.0
1677131178.2576926, 12.046, 75.5
1677131178.4582205, 12.046, 76.25
1677131178.6587412, 12.046, 76.0
1677131178.8593009, 12.046, 76.25
1677131179.0598514, 11.962, 76.0
1677131179.260391, 11.962, 76.0
1677131179.4609346, 11.962, 76.0
1677131179.661476, 11.962, 75.5
1677131179.8619788, 11.962, 75.75
1677131180.0624995, 11.962, 76.25
1677131180.2630343, 11.809, 76.5
1677131180.4635837, 11.809, 76.0
1677131180.664169, 11.809, 75.0
1677131180.8647037, 11.809, 75.75
1677131181.065136, 11.577, 76.25
1677131181.2654552, 11.577, 74.5
1677131181.4658823, 11.577, 75.5
1677131181.666556, 11.577, 75.0
1677131181.867021, 11.577, 75.5
1677131182.0673552, 11.802, 76.0
1677131182.2678766, 11.802, 76.0
1677131182.4683163, 11.802, 76.25
1677131182.66864, 11.802, 75.5
1677131182.8689852, 11.802, 75.25
1677131183.069321, 11.653, 75.75
1677131183.2697327, 11.653, 75.75
1677131183.4701536, 11.653, 76.25
1677131183.670463, 11.653, 75.5
1677131183.8710282, 11.653, 76.0
1677131184.0714521, 11.699, 76.0
1677131184.2718225, 11.699, 76.0
1677131184.4722476, 11.699, 76.25
1677131184.6726801, 11.699, 76.25
1677131184.873198, 11.699, 75.75
1677131185.0737193, 11.699, 76.0
1677131185.2742453, 11.786, 75.5
1677131185.4747856, 11.786, 76.0
1677131185.6753418, 11.786, 75.0
1677131185.8758812, 11.786, 76.0
1677131186.076405, 11.786, 75.5
1677131186.2769322, 11.336, 75.5
1677131186.4774687, 11.336, 75.5
1677131186.6780014, 11.336, 75.5
1677131186.878574, 11.336, 75.5
1677131187.079203, 11.538, 75.75
1677131187.2797494, 11.538, 75.5
1677131187.4802842, 11.538, 75.75
1677131187.6808455, 11.538, 75.0
1677131187.8813992, 11.538, 75.25
1677131188.0819466, 11.496, 75.25
1677131188.282501, 11.496, 75.75
1677131188.4830418, 11.496, 75.25
1677131188.683636, 11.496, 76.0
1677131188.8841581, 11.496, 76.0
1677131189.0846827, 11.714, 75.0
1677131189.2852151, 11.714, 76.0
1677131189.48574, 11.714, 75.5
1677131189.6862426, 11.714, 76.0
1677131189.8867702, 11.714, 76.25
1677131190.087312, 11.645, 76.0
1677131190.2878423, 11.645, 76.0
1677131190.4883666, 11.645, 75.5
1677131190.6888843, 11.645, 76.25
1677131190.8894005, 11.645, 75.75
1677131191.0899348, 11.638, 75.75
1677131191.2904594, 11.638, 76.0
1677131191.4909933, 11.638, 76.0
1677131191.6935759, 11.638, 76.0
1677131191.8940918, 11.638, 75.5
1677131192.0946343, 11.893, 75.0
1677131192.295298, 11.893, 75.0
1677131192.4958265, 11.893, 75.5
1677131192.696372, 11.893, 75.5
1677131192.8969128, 11.893, 75.75
1677131193.09742, 11.893, 74.5
1677131193.2979608, 11.634, 75.0
1677131193.4985058, 11.634, 75.25
1677131193.6990528, 11.634, 74.75
1677131193.8996098, 11.634, 75.25
1677131194.1001425, 11.416, 75.0
1677131194.300677, 11.416, 74.75
1677131194.5012066, 11.416, 76.0
1677131194.7017767, 11.416, 75.25
1677131194.9023342, 11.416, 75.25
1677131195.1028752, 11.592, 74.5
1677131195.3034072, 11.592, 75.25
1677131195.5039103, 11.592, 75.5
1677131195.7044094, 11.592, 75.75
1677131195.9049451, 11.592, 75.75
1677131196.105479, 12.004, 75.75
1677131196.306024, 12.004, 75.75
1677131196.5065675, 12.004, 75.75
1677131196.70724, 12.004, 76.25
1677131196.9077756, 12.004, 75.75
1677131197.1082888, 11.645, 76.0
1677131197.3088136, 11.645, 76.0
1677131197.5093498, 11.645, 75.25
1677131197.70988, 11.645, 75.75
1677131197.9104116, 11.645, 76.25
1677131198.11097, 11.844, 76.0
1677131198.3115053, 11.844, 76.0
1677131198.5120225, 11.844, 76.0
1677131198.7125583, 11.844, 75.25
1677131198.913055, 11.844, 75.75
1677131199.1135762, 11.424, 75.75
1677131199.314108, 11.424, 76.25
1677131199.5146487, 11.424, 76.5
1677131199.717652, 11.424, 75.5
1677131199.918181, 11.424, 75.25
1677131200.1187043, 11.546, 74.75
1677131200.3192673, 11.546, 76.0
1677131200.5197997, 11.546, 76.0
1677131200.7203677, 11.546, 74.75
1677131200.920919, 11.546, 75.25
1677131201.1214638, 11.592, 75.25
1677131201.3220098, 11.592, 76.0
1677131201.5225337, 11.592, 76.0
1677131201.72304, 11.592, 75.5
1677131201.923577, 11.592, 75.75
1677131202.1241412, 11.672, 75.5
1677131202.3246927, 11.672, 75.75
1677131202.525246, 11.672, 76.0
1677131202.7257516, 11.672, 76.0
1677131202.9262981, 11.672, 76.25
1677131203.1268487, 11.874, 75.25
1677131203.327378, 11.874, 75.25
1677131203.5279133, 11.874, 75.5
1677131203.728449, 11.874, 75.75
1677131203.9290156, 11.874, 75.0
1677131204.1295557, 11.905, 75.5
1677131204.3300838, 11.905, 76.0
1677131204.5306387, 11.905, 75.5
1677131204.7312596, 11.905, 76.0
1677131204.9318032, 11.905, 75.5
1677131205.1323366, 11.844, 75.5
1677131205.3328662, 11.844, 75.0
1677131205.5333908, 11.844, 76.0
1677131205.7338893, 11.844, 75.75
1677131205.9344316, 11.844, 76.0
1677131206.134944, 11.722, 76.5
1677131206.3354762, 11.722, 76.0
1677131206.5360012, 11.722, 76.25
1677131206.7365005, 11.722, 75.75
1677131206.937035, 11.722, 76.25
1677131207.1376233, 11.687, 76.0
1677131207.3381367, 11.687, 75.5
1677131207.5386739, 11.687, 75.25
1677131207.7393544, 11.687, 75.5
1677131207.939877, 11.687, 75.75
1677131208.1404378, 11.68, 75.5
1677131208.3409739, 11.68, 75.75
1677131208.5415213, 11.68, 74.25
1677131208.742039, 11.68, 75.5
1677131208.9425938, 11.68, 75.75
1677131209.1432643, 11.447, 75.75
1677131209.3437736, 11.447, 76.0
1677131209.5442998, 11.447, 75.75
1677131209.7448468, 11.447, 76.0
1677131209.9453762, 11.447, 76.0
1677131210.1459103, 11.447, 76.0
1677131210.3464396, 11.924, 75.75
1677131210.54696, 11.924, 76.25
1677131210.7474802, 11.924, 76.0
1677131210.948007, 11.924, 75.75
1677131211.1485708, 11.309, 76.0
1677131211.3491232, 11.309, 75.5
1677131211.5496616, 11.309, 75.25
1677131211.750154, 11.309, 76.25
1677131211.9506924, 11.309, 76.0
1677131212.1512327, 11.828, 75.25
1677131212.3517752, 11.828, 75.25
1677131212.5523157, 11.828, 76.0
1677131212.7528253, 11.828, 76.0
1677131212.953352, 11.828, 76.5
1677131213.1538873, 11.775, 75.0
1677131213.354419, 11.775, 75.75
1677131213.5549674, 11.775, 76.0
1677131213.7553122, 11.775, 75.25
1677131213.9558256, 11.775, 75.5
1677131214.1563714, 11.443, 75.75
1677131214.356895, 11.443, 76.5
1677131214.557417, 11.443, 76.0
1677131214.7579722, 11.443, 76.0
1677131214.9585216, 11.443, 75.75
1677131215.1590524, 11.79, 75.5
1677131215.3595555, 11.79, 75.75
1677131215.560075, 11.79, 76.0
1677131215.7606146, 11.79, 76.75
1677131215.9611413, 11.79, 76.0
1677131216.1616585, 12.157, 76.5
1677131216.3621953, 12.157, 76.75
1677131216.5627432, 12.157, 76.5
1677131216.7632868, 12.157, 76.0
1677131216.9638197, 12.157, 75.5
1677131217.1643646, 11.676, 74.75
1677131217.364894, 11.676, 76.75
1677131217.5654151, 11.676, 75.75
1677131217.7659743, 11.676, 76.25
1677131217.9665525, 11.676, 75.75
1677131218.16705, 11.79, 75.75
1677131218.3676472, 11.79, 76.75
1677131218.568186, 11.79, 76.0
1677131218.7687066, 11.79, 75.75
1677131218.9692633, 11.79, 76.0
1677131219.1698666, 11.703, 76.25
1677131219.3703818, 11.703, 76.25
1677131219.570893, 11.703, 75.75
1677131219.771418, 11.703, 76.0
1677131219.9719603, 11.703, 76.0
1677131220.1725166, 11.424, 76.0
1677131220.3730626, 11.424, 75.75
1677131220.5735717, 11.424, 76.0
1677131220.7741003, 11.424, 76.25
1677131220.9746563, 11.424, 76.0
1677131221.1753356, 11.954, 76.5
1677131221.3758726, 11.954, 76.0
1677131221.5764034, 11.954, 75.75
1677131221.776932, 11.954, 76.25
1677131221.9774616, 11.954, 76.25
1677131222.177999, 11.912, 76.0
1677131222.3785439, 11.912, 76.25
1677131222.5790749, 11.912, 76.0
1677131222.7795925, 11.912, 76.0
1677131222.9801347, 11.905, 76.0
1677131223.1806586, 11.905, 76.0
1677131223.3811882, 11.905, 76.0
1677131223.5817199, 11.905, 76.0
1677131223.78225, 11.905, 75.0
1677131223.98278, 11.905, 75.75
1677131224.1833434, 11.557, 76.0
1677131224.383867, 11.557, 75.0
1677131224.5843918, 11.557, 76.0
1677131224.7849042, 11.557, 75.0
1677131224.9854367, 11.557, 75.75
1677131225.1859784, 11.428, 75.75
1677131225.3865094, 11.428, 75.25
1677131225.5870407, 11.428, 75.25
1677131225.7875862, 11.428, 75.25
1677131225.9881182, 11.428, 74.75
1677131226.1886492, 11.428, 74.75
1677131226.3891742, 11.779, 75.5
1677131226.589677, 11.779, 76.5
1677131226.7902133, 11.779, 76.0
1677131226.990749, 11.779, 75.75
1677131227.191316, 11.806, 76.0
1677131227.391833, 11.806, 75.75
1677131227.5923696, 11.806, 76.25
1677131227.7928886, 11.806, 76.25
1677131227.9934227, 11.806, 75.5
1677131228.1939712, 11.653, 75.75
1677131228.3945184, 11.653, 75.5
1677131228.5950267, 11.653, 75.5
1677131228.7955487, 11.653, 76.0
1677131228.9960601, 11.653, 75.75
1677131229.196585, 11.947, 76.5
1677131229.3971045, 11.947, 76.75
1677131229.5976284, 11.947, 76.5
1677131229.7981536, 11.947, 76.5
1677131229.9986787, 11.947, 76.75
1677131230.1993177, 12.126, 76.5
1677131230.399836, 12.126, 76.75
1677131230.600388, 12.126, 76.75
1677131230.8009412, 12.126, 76.75
1677131231.0015144, 12.126, 76.25
1677131231.2020433, 11.951, 76.25
1677131231.4025838, 11.951, 76.75
1677131231.603249, 11.951, 76.75
1677131231.8037846, 11.951, 76.25
1677131232.0043337, 11.779, 75.5
1677131232.2048476, 11.779, 75.5
1677131232.4053903, 11.779, 76.75
1677131232.60595, 11.779, 76.5
1677131232.8065057, 11.779, 76.25
1677131233.0070724, 12.145, 75.75
1677131233.2075741, 12.145, 76.5
1677131233.4080825, 12.145, 76.5
1677131233.6086185, 12.145, 76.5
1677131233.8096268, 12.145, 76.5
1677131234.0101297, 12.145, 76.0
1677131234.2106807, 11.76, 76.5
1677131234.4113307, 11.76, 75.75
1677131234.611857, 11.76, 75.75
1677131234.8124044, 11.76, 76.0
1677131235.0129168, 11.76, 76.0
1677131235.2134469, 11.557, 75.75
1677131235.4139633, 11.557, 76.25
1677131235.614489, 11.557, 76.25
1677131235.8150022, 11.557, 76.5
1677131236.015546, 11.557, 75.75
1677131236.2160816, 11.813, 76.0
1677131236.4166036, 11.813, 76.75
1677131236.617112, 11.813, 76.5
1677131236.8176527, 11.813, 76.0
1677131237.0183384, 11.535, 76.0
1677131237.218865, 11.535, 76.0
1677131237.419382, 11.535, 76.25
1677131237.6198983, 11.535, 76.25
1677131237.8204262, 11.535, 76.25
1677131238.0209396, 11.535, 76.75
1677131238.2214622, 11.535, 76.75
1677131238.4219894, 11.966, 76.5
1677131238.6225052, 11.966, 76.75
1677131238.8230438, 11.966, 76.5
1677131239.0235915, 11.966, 76.25
1677131239.2241035, 12.107, 76.0
1677131239.4246173, 12.107, 75.5
1677131239.625142, 12.107, 75.25
1677131239.8256426, 12.107, 76.0
1677131240.0261827, 11.393, 76.0
1677131240.2267253, 11.393, 76.5
1677131240.4273002, 11.393, 75.5
1677131240.6278365, 11.393, 75.75
1677131240.8283434, 11.393, 75.75
1677131241.0288768, 11.798, 76.0
1677131241.2294018, 11.798, 76.75
1677131241.4299555, 11.798, 76.5
1677131241.6304998, 11.798, 76.0
1677131241.8310046, 11.798, 76.25
1677131242.031522, 12.099, 76.25
1677131242.2320616, 12.099, 76.25
1677131242.432576, 12.099, 76.5
1677131242.6331043, 12.099, 76.25
1677131242.8336582, 12.099, 76.0
1677131243.0341792, 12.099, 75.5
1677131243.2346992, 11.786, 76.25
1677131243.4353566, 11.786, 76.0
1677131243.6359258, 11.786, 75.75
1677131243.8364475, 11.786, 75.0
1677131244.0369747, 11.786, 75.5
1677131244.237501, 11.859, 76.75
1677131244.4380293, 11.859, 76.5
1677131244.6385791, 11.859, 76.0
1677131244.8392477, 11.859, 76.5
1677131245.0397768, 11.855, 75.75
1677131245.2403045, 11.855, 76.0
1677131245.4408307, 11.855, 76.25
1677131245.6414123, 11.855, 75.25
1677131245.8419504, 11.855, 75.75
1677131246.042493, 11.855, 75.75
1677131246.2430139, 11.374, 76.0
1677131246.4437225, 11.374, 76.0
1677131246.644233, 11.374, 75.75
1677131246.844745, 11.374, 75.5
1677131247.0452697, 11.737, 75.5
1677131247.2457798, 11.737, 76.0
1677131247.446309, 11.737, 76.0
1677131247.6468349, 11.737, 75.5
1677131247.847391, 11.737, 74.75
1677131248.047915, 11.737, 75.25
1677131248.2484355, 11.309, 76.0
1677131248.448953, 11.309, 75.0
1677131248.6494796, 11.309, 75.25
1677131248.8499963, 11.309, 75.5
1677131249.0505383, 11.504, 75.0
1677131249.2510772, 11.504, 76.25
1677131249.4516125, 11.504, 76.0
1677131249.6521332, 11.504, 75.0
1677131249.8527, 11.504, 75.5
1677131250.0531814, 11.729, 75.75
1677131250.2536974, 11.729, 76.75
1677131250.454247, 11.729, 75.75
1677131250.6548035, 11.729, 75.75
1677131250.8553574, 11.729, 75.5
1677131251.0558887, 11.68, 75.5
1677131251.256394, 11.68, 76.25
1677131251.4569087, 11.68, 76.0
1677131251.6574345, 11.68, 76.0
1677131251.8579571, 11.68, 75.25
1677131252.0585055, 11.336, 75.0
1677131252.2590349, 11.336, 76.25
1677131252.4595814, 11.336, 74.25
1677131252.6601136, 11.336, 75.25
1677131252.8606753, 11.336, 75.0
1677131253.0611963, 11.515, 75.5
1677131253.2617276, 11.515, 76.0
1677131253.4622562, 11.515, 75.75
1677131253.6628077, 11.515, 75.75
1677131253.8633735, 11.515, 75.5
1677131254.0639122, 11.878, 76.0
1677131254.264427, 11.878, 75.75
1677131254.4649658, 11.878, 75.75
1677131254.6655226, 11.878, 75.75
1677131254.8660774, 11.878, 75.5
1677131255.0666254, 11.703, 75.25
1677131255.267257, 11.703, 75.5
1677131255.4677837, 11.703, 75.5
1677131255.6683228, 11.703, 75.5
1677131255.8688517, 11.703, 75.5
1677131256.069387, 11.825, 75.5
1677131256.2699153, 11.825, 75.25
1677131256.4704387, 11.825, 75.25
1677131256.670979, 11.825, 75.0
1677131256.8715057, 11.825, 75.25
1677131257.072032, 11.825, 75.75
1677131257.2725587, 11.676, 75.0
1677131257.4730704, 11.676, 75.25
1677131257.6735997, 11.676, 75.75
1677131257.8743546, 11.676, 75.75
1677131258.0748813, 11.668, 74.25
1677131258.27539, 11.668, 75.75
1677131258.4759007, 11.668, 75.25
1677131258.6764283, 11.668, 74.75
1677131258.8769634, 11.668, 74.25
1677131259.0775218, 10.783, 75.5
1677131259.2780788, 10.783, 75.25
1677131259.4786057, 10.783, 76.25
1677131259.6792645, 10.783, 76.0
1677131259.879792, 10.783, 75.5
1677131260.0803356, 11.779, 75.5
1677131260.2808385, 11.779, 76.0
1677131260.4813673, 11.779, 76.5
1677131260.681897, 11.779, 76.0
1677131260.8824298, 11.779, 75.5
1677131261.082957, 11.622, 75.5
1677131261.2834897, 11.622, 75.5
1677131261.4840133, 11.622, 76.0
1677131261.6845686, 11.622, 74.5
1677131261.8851054, 11.622, 75.5
1677131262.0856366, 11.622, 76.0
1677131262.2861936, 11.451, 75.5
1677131262.4867215, 11.451, 76.0
1677131262.6874053, 11.451, 76.25
1677131262.8879378, 11.451, 75.75
1677131263.0884676, 11.569, 75.75
1677131263.288981, 11.569, 76.25
1677131263.48951, 11.569, 76.0
1677131263.690037, 11.569, 76.0
1677131263.8907106, 11.569, 76.0
1677131264.0912504, 11.714, 75.75
1677131264.2917879, 11.714, 76.25
1677131264.4923217, 11.714, 75.5
1677131264.692878, 11.714, 75.75
1677131264.8933992, 11.714, 76.0
1677131265.093908, 11.657, 76.0
1677131265.2944434, 11.657, 75.75
1677131265.4949522, 11.657, 76.0
1677131265.695483, 11.657, 75.5
1677131265.8960302, 11.657, 75.5
1677131266.0965576, 11.943, 75.75
1677131266.2970688, 11.943, 75.75
1677131266.4975793, 11.943, 75.25
1677131266.6981082, 11.943, 75.75
1677131266.8986409, 11.943, 76.25
1677131267.0993056, 11.775, 76.25
1677131267.2998016, 11.775, 76.0
1677131267.500327, 11.775, 75.75
1677131267.7008839, 11.775, 76.0
1677131267.9014227, 11.775, 76.25
1677131268.1019518, 11.844, 73.75
1677131268.3024514, 11.844, 75.75
1677131268.5029707, 11.844, 76.0
1677131268.7034733, 11.844, 76.0
1677131268.903984, 11.844, 75.5
1677131269.104513, 11.947, 75.75
1677131269.3050535, 11.947, 76.25
1677131269.5057018, 11.947, 76.0
1677131269.7062607, 11.947, 76.0
1677131269.906799, 11.947, 75.75
1677131270.1073375, 11.695, 76.25
1677131270.3078291, 11.695, 76.0
1677131270.5083559, 11.695, 76.0
1677131270.7088895, 11.695, 75.0
1677131270.9093404, 11.695, 75.75
1677131271.1097443, 11.489, 76.0
1677131271.3102572, 11.489, 76.75
1677131271.5107021, 11.489, 76.0
1677131271.7112558, 11.489, 76.25
1677131271.911821, 11.489, 75.75
1677131272.1123457, 11.893, 75.25
1677131272.3128545, 11.893, 76.25
1677131272.5133739, 11.893, 76.0
1677131272.7139363, 11.893, 76.0
1677131272.9144573, 11.893, 76.0
1677131273.1149857, 11.21, 75.5
1677131273.3155122, 11.21, 76.0
1677131273.5160415, 11.21, 76.0
1677131273.7164915, 11.21, 76.5
1677131273.916939, 11.21, 76.0
1677131274.117475, 11.619, 75.0
1677131274.3179746, 11.619, 76.25
1677131274.518633, 11.619, 75.0
1677131274.7192934, 11.619, 75.25
1677131274.919832, 11.619, 75.25
1677131275.120347, 11.668, 75.25
1677131275.3208578, 11.668, 75.75
1677131275.5214126, 11.668, 75.75
1677131275.7221532, 11.668, 75.75
1677131275.9227216, 11.668, 75.5
1677131276.1233003, 11.855, 75.5
1677131276.323825, 11.855, 76.25
1677131276.5243661, 11.855, 76.0
1677131276.7248929, 11.855, 76.0
1677131276.9254396, 11.855, 75.25
1677131277.1260016, 11.466, 75.75
1677131277.326551, 11.466, 76.25
1677131277.5270658, 11.466, 76.0
1677131277.7276044, 11.466, 75.75
1677131277.9281404, 11.466, 75.25
1677131278.1286843, 11.664, 76.0
1677131278.3292246, 11.664, 75.75
1677131278.5297365, 11.664, 75.25
1677131278.7302752, 11.664, 74.75
1677131278.9308152, 11.664, 76.25
1677131279.131357, 11.813, 75.5
1677131279.331925, 11.813, 75.75
1677131279.532469, 11.813, 75.75
1677131279.7329895, 11.813, 75.25
1677131279.9335113, 11.813, 75.5
1677131280.1340513, 11.462, 76.0
1677131280.33459, 11.462, 75.75
1677131280.5352838, 11.462, 75.75
1677131280.7358239, 11.462, 75.75
1677131280.936355, 11.462, 76.0
1677131281.1368852, 11.542, 75.75
1677131281.3374133, 11.542, 76.25
1677131281.5379412, 11.542, 76.5
1677131281.7384665, 11.542, 75.25
1677131281.938997, 11.542, 75.5
1677131282.1395257, 12.016, 75.75
1677131282.3400488, 12.016, 76.25
1677131282.5405793, 12.016, 76.0
1677131282.7411134, 12.016, 75.75
1677131282.9416666, 12.016, 76.0
1677131283.1424012, 11.764, 75.75
1677131283.3429127, 11.764, 76.0
1677131283.5433497, 11.764, 76.25
1677131283.7438824, 11.764, 76.25
1677131283.944439, 11.764, 75.25
1677131284.1450005, 11.416, 75.75
1677131284.345536, 11.416, 75.5
1677131284.5460503, 11.416, 76.0
1677131284.7465906, 11.416, 75.75
1677131284.9472775, 11.416, 76.25
1677131285.1478267, 11.97, 75.25
1677131285.3483384, 11.97, 75.75
1677131285.5488863, 11.97, 74.75
1677131285.7493815, 11.97, 75.75
1677131285.9499156, 11.97, 75.75
1677131286.1504335, 11.821, 76.0
1677131286.3509536, 11.821, 76.5
1677131286.5514789, 11.821, 76.25
1677131286.7519834, 11.821, 76.5
1677131286.952516, 11.821, 76.0
1677131287.1530423, 11.977, 76.25
1677131287.3535619, 11.977, 76.0
1677131287.5540738, 11.977, 76.0
1677131287.7545907, 11.977, 75.75
1677131287.9552555, 11.977, 76.25
1677131288.1557944, 11.844, 75.75
1677131288.3563318, 11.844, 76.25
1677131288.5568612, 11.844, 75.5
1677131288.7573988, 11.844, 76.0
1677131288.9579265, 11.844, 76.0
1677131289.1584623, 11.603, 76.0
1677131289.359228, 11.603, 75.75
1677131289.5597608, 11.603, 75.5
1677131289.7602992, 11.603, 75.25
1677131289.96083, 11.603, 75.5
1677131290.161359, 11.63, 76.0
1677131290.361857, 11.63, 75.5
1677131290.5623868, 11.63, 74.75
1677131290.7629428, 11.63, 75.25
1677131290.9634874, 11.63, 75.25
1677131291.1640108, 11.512, 75.25
1677131291.3645563, 11.512, 76.0
1677131291.5651286, 11.512, 75.75
1677131291.7656596, 11.512, 75.0
1677131291.966184, 11.512, 75.25
1677131292.1667094, 11.477, 73.75
1677131292.3672614, 11.477, 76.25
1677131292.5678082, 11.477, 76.0
1677131292.768347, 11.477, 76.0
1677131292.9688883, 11.477, 75.5
1677131293.1694207, 11.775, 75.75
1677131293.3699687, 11.775, 76.25
1677131293.5706122, 11.775, 75.5
1677131293.7712777, 11.775, 76.0
1677131293.971833, 11.775, 76.0
1677131294.1723864, 11.332, 74.25
1677131294.372905, 11.332, 75.5
1677131294.5734258, 11.332, 76.0
1677131294.77394, 11.332, 75.0
1677131294.974684, 11.332, 75.5
1677131295.1753483, 11.619, 75.75
1677131295.3758771, 11.619, 76.5
1677131295.5764008, 11.619, 76.0
1677131295.776919, 11.619, 76.25
1677131295.97747, 11.619, 75.25
1677131296.1780229, 11.848, 76.0
1677131296.378565, 11.848, 76.5
1677131296.5791905, 11.848, 76.0
1677131296.779728, 11.848, 76.0
1677131296.9802437, 11.848, 76.25
1677131297.1807692, 11.996, 76.0
1677131297.3812895, 11.996, 76.75
1677131297.5818222, 11.996, 76.25
1677131297.7824714, 11.996, 76.25
1677131297.98301, 11.996, 76.25
1677131298.1835458, 11.733, 76.0
1677131298.3840656, 11.733, 76.0
1677131298.5845985, 11.733, 76.0
1677131298.7851546, 11.733, 76.75
1677131298.9856825, 11.733, 76.25
1677131299.186209, 12.0, 76.0
1677131299.386731, 12.0, 75.25
1677131299.5872548, 12.0, 75.75
1677131299.7877622, 12.0, 76.25
1677131299.9883065, 11.996, 76.0
1677131300.1888406, 11.996, 76.0
1677131300.389365, 11.996, 76.25
1677131300.589877, 11.996, 76.25
1677131300.7904005, 11.996, 76.0
1677131300.990947, 11.996, 76.25
1677131301.1914892, 11.638, 76.0
1677131301.392004, 11.638, 75.75
1677131301.5925384, 11.638, 76.25
1677131301.7930603, 11.638, 75.5
1677131301.9936206, 11.638, 76.0
1677131302.194148, 11.855, 76.5
1677131302.3946803, 11.855, 76.5
1677131302.5952842, 11.855, 75.75
1677131302.7958033, 11.855, 75.5
1677131302.9963782, 11.855, 75.75
1677131303.1969073, 11.168, 76.0
1677131303.3974462, 11.168, 76.0
1677131303.598007, 11.168, 76.0
1677131303.798564, 11.168, 75.25
1677131303.9992685, 11.168, 76.0
1677131304.1997864, 11.783, 76.25
1677131304.4003177, 11.783, 76.75
1677131304.6008487, 11.783, 76.25
1677131304.8013732, 11.783, 76.25
1677131305.0018952, 11.897, 76.0
1677131305.2024188, 11.897, 75.5
1677131305.4032454, 11.897, 76.25
1677131305.6037679, 11.897, 75.25
1677131305.8043215, 11.897, 76.0
1677131306.0048451, 11.897, 76.5
1677131306.2053828, 11.672, 76.0
1677131306.40591, 11.672, 76.75
1677131306.606443, 11.672, 76.0
1677131306.8069968, 11.672, 75.75
1677131307.0075185, 11.672, 76.0
1677131307.208055, 11.683, 76.25
1677131307.408577, 11.683, 76.25
1677131307.609111, 11.683, 76.25
1677131307.8096411, 11.683, 76.0
1677131308.0101736, 11.683, 76.25
1677131308.210701, 11.821, 76.0
1677131308.4112756, 11.821, 76.5
1677131308.611805, 11.821, 76.25
1677131308.812358, 11.821, 75.75
1677131309.0129178, 12.019, 75.75
1677131309.2134469, 12.019, 76.0
1677131309.4139774, 12.019, 76.5
1677131309.6145396, 12.019, 76.0
1677131309.8150806, 12.019, 75.5
1677131310.015615, 11.298, 75.75
1677131310.2161505, 11.298, 76.0
1677131310.4166853, 11.298, 76.75
1677131310.617237, 11.298, 76.75
1677131310.8177676, 11.298, 76.0
1677131311.0184925, 11.298, 76.25
1677131311.219025, 11.687, 76.0
1677131311.419541, 11.687, 76.25
1677131311.6200628, 11.687, 76.25
1677131311.8205898, 11.687, 76.0
1677131312.021125, 11.687, 76.5
1677131312.221668, 11.474, 76.0
1677131312.4221976, 11.474, 76.0
1677131312.6227238, 11.474, 76.0
1677131312.8232512, 11.474, 76.5
1677131313.0237918, 12.004, 75.75
1677131313.2243423, 12.004, 75.75
1677131313.424887, 12.004, 75.5
1677131313.6254184, 12.004, 76.25
1677131313.825955, 12.004, 76.25
1677131314.0264902, 11.974, 76.0
1677131314.2272983, 11.974, 76.0
1677131314.4278762, 11.974, 75.0
1677131314.6284194, 11.974, 76.0
1677131314.8289664, 11.974, 75.75
1677131315.029474, 11.974, 75.5
1677131315.2300112, 11.771, 76.0
1677131315.4305465, 11.771, 76.5
1677131315.6310787, 11.771, 76.0
1677131315.8316147, 11.771, 75.5
1677131316.0321622, 11.771, 75.75
1677131316.2326853, 11.344, 76.0
1677131316.4332204, 11.344, 76.0
1677131316.6337605, 11.344, 75.5
1677131316.8342936, 11.344, 75.75
1677131317.0348387, 11.851, 76.0
1677131317.2353597, 11.851, 76.0
1677131317.435888, 11.851, 76.0
1677131317.6364217, 11.851, 75.75
1677131317.8369586, 11.851, 75.75
1677131318.0375264, 11.802, 75.75
1677131318.238057, 11.802, 75.5
1677131318.4386032, 11.802, 75.5
1677131318.6392438, 11.802, 75.25
1677131318.8397508, 11.802, 75.75
1677131319.0402715, 11.645, 76.25
1677131319.240818, 11.645, 76.0
1677131319.4413626, 11.645, 76.0
1677131319.6418862, 11.645, 75.75
1677131319.842411, 11.645, 76.0
1677131320.042936, 11.733, 75.0
1677131320.2434468, 11.733, 76.0
1677131320.4439769, 11.733, 76.0
1677131320.6445072, 11.733, 75.75
1677131320.8450387, 11.733, 76.0
1677131321.0455687, 11.733, 75.5
1677131321.2460983, 11.691, 76.0
1677131321.4466014, 11.691, 75.75
1677131321.6472888, 11.691, 76.0
1677131321.8478458, 11.691, 76.0
1677131322.0484078, 11.977, 75.75
1677131322.2492719, 11.977, 74.75
1677131322.449852, 11.977, 76.25
1677131322.6503217, 11.977, 76.0
1677131322.8507605, 11.977, 76.0
1677131323.0513093, 11.87, 76.25
1677131323.2518246, 11.87, 76.5
1677131323.452262, 11.87, 76.25
1677131323.652594, 11.87, 75.75
1677131323.853032, 11.87, 76.25
1677131324.0535858, 11.87, 76.0
1677131324.2540398, 11.695, 76.0
1677131324.4544811, 11.695, 76.25
1677131324.6552303, 11.695, 76.25
1677131324.855675, 11.695, 76.25
1677131325.0559783, 11.695, 76.0
1677131325.2564118, 11.951, 76.0
1677131325.4568563, 11.951, 77.25
1677131325.6571827, 11.951, 76.0
1677131325.8576362, 11.951, 76.25
1677131326.0581925, 11.748, 76.0
1677131326.258711, 11.748, 76.25
1677131326.4592729, 11.748, 76.5
1677131326.6598134, 11.748, 76.0
1677131326.8603556, 11.748, 76.0
1677131327.0609217, 11.065, 76.0
1677131327.261456, 11.065, 76.5
1677131327.4619613, 11.065, 75.25
1677131327.6624794, 11.065, 76.25
1677131327.8630211, 11.065, 76.5
1677131328.06355, 11.901, 76.0
1677131328.264089, 11.901, 76.25
1677131328.4646165, 11.901, 76.0
1677131328.6651592, 11.901, 75.75
1677131328.8657115, 11.901, 75.5
1677131329.0662484, 11.901, 75.5
1677131329.2667713, 11.84, 75.75
1677131329.4673755, 11.84, 76.0
1677131329.6679127, 11.84, 76.0
1677131329.868427, 11.84, 76.25
1677131330.068867, 11.813, 75.75
1677131330.2692258, 11.813, 76.0
1677131330.4696693, 11.813, 76.0
1677131330.6702077, 11.813, 75.75
1677131330.87074, 11.813, 76.0
1677131331.0712016, 11.87, 75.75
1677131331.2715218, 11.87, 76.5
1677131331.4719698, 11.87, 76.0
1677131331.672644, 11.87, 76.5
1677131331.8732252, 11.87, 76.25
1677131332.073778, 11.771, 76.0
1677131332.2743208, 11.771, 76.25
1677131332.474856, 11.771, 75.75
1677131332.6753983, 11.771, 76.0
1677131332.8761275, 11.771, 76.0
1677131333.076548, 11.817, 76.0
1677131333.2769837, 11.817, 76.75
1677131333.4774125, 11.817, 76.5
1677131333.6778524, 11.817, 76.5
1677131333.8783863, 11.817, 76.5
1677131334.0789077, 11.886, 75.5
1677131334.2799149, 11.886, 76.5
1677131334.4804437, 11.886, 76.0
1677131334.6808727, 11.886, 76.0
1677131334.8812628, 11.886, 76.0
1677131335.0817754, 11.523, 75.75
1677131335.2822971, 11.523, 76.75
1677131335.4829688, 11.523, 75.75
1677131335.6833732, 11.523, 76.0
1677131335.8839295, 11.523, 75.25
1677131336.0845003, 11.523, 75.25
1677131336.2850325, 11.909, 75.75
1677131336.4855435, 11.909, 76.0
1677131336.6860647, 11.909, 75.5
1677131336.8865874, 11.909, 74.75
1677131337.0872364, 11.519, 75.5
1677131337.2877645, 11.519, 76.0
1677131337.488305, 11.519, 76.0
1677131337.6888676, 11.519, 75.75
1677131337.8894284, 11.519, 75.75
1677131338.0899737, 11.424, 76.0
1677131338.2904813, 11.424, 76.0
1677131338.490999, 11.424, 76.0
1677131338.6915216, 11.424, 74.75
1677131338.8920414, 11.424, 75.0
1677131339.0926015, 11.424, 75.25
1677131339.2931197, 11.332, 75.0
1677131339.4936507, 11.332, 76.5
1677131339.6941898, 11.332, 76.25
1677131339.894715, 11.332, 75.75
1677131340.0952747, 11.725, 75.75
1677131340.295794, 11.725, 76.0
1677131340.4963274, 11.725, 76.25
1677131340.6968625, 11.725, 76.0
1677131340.8974185, 11.725, 75.25
1677131341.0979636, 11.626, 75.75
1677131341.2985165, 11.626, 75.25
1677131341.4990513, 11.626, 76.25
1677131341.6996784, 11.626, 75.25
1677131341.9002852, 11.626, 76.0
1677131342.100605, 11.626, 76.0
1677131342.3010292, 11.256, 76.0
1677131342.501565, 11.256, 76.25
1677131342.7019796, 11.256, 76.25
1677131342.902315, 11.256, 76.5
1677131343.1026602, 11.817, 76.0
1677131343.303218, 11.817, 76.0
1677131343.503763, 11.817, 75.25
1677131343.7042854, 11.817, 75.75
1677131343.9047737, 11.817, 76.0
1677131344.1053, 11.798, 75.75
1677131344.3058505, 11.798, 76.5
1677131344.5065393, 11.798, 76.0
1677131344.7070746, 11.798, 76.25
1677131344.907569, 11.798, 76.5
1677131345.1081026, 11.981, 76.0
1677131345.308652, 11.981, 76.0
1677131345.5091918, 11.981, 76.0
1677131345.709736, 11.981, 75.5
1677131345.910235, 11.981, 76.25
1677131346.1107678, 10.951, 76.25
1677131346.3114204, 10.951, 76.0
1677131346.5119646, 10.951, 74.25
1677131346.7125003, 10.951, 75.25
1677131346.9130027, 10.951, 75.25
1677131347.1135218, 11.748, 75.0
1677131347.3140337, 11.748, 76.25
1677131347.5145748, 11.748, 76.25
1677131347.7153149, 11.748, 75.75
1677131347.9158173, 11.748, 76.0
1677131348.1163454, 11.756, 76.25
1677131348.3168528, 11.756, 76.0
1677131348.517433, 11.756, 75.75
1677131348.7179685, 11.756, 75.5
1677131348.9185078, 11.756, 76.0
1677131349.1190326, 11.661, 76.0
1677131349.319545, 11.661, 75.0
1677131349.520074, 11.661, 76.25
1677131349.7206078, 11.661, 76.75
1677131349.921115, 11.661, 75.75
1677131350.121652, 11.661, 75.25
1677131350.322185, 12.195, 76.0
1677131350.5226998, 12.195, 75.75
1677131350.72325, 12.195, 76.0
1677131350.9237683, 12.195, 76.0
1677131351.124295, 11.607, 76.0
1677131351.3248246, 11.607, 75.25
1677131351.5253363, 11.607, 75.75
1677131351.7258532, 11.607, 76.0
1677131351.926405, 11.607, 75.5
1677131352.1272342, 11.733, 75.5
1677131352.3277388, 11.733, 76.0
1677131352.528266, 11.733, 75.25
1677131352.728797, 11.733, 75.75
1677131352.9293334, 11.733, 75.5
1677131353.129858, 11.718, 76.0
1677131353.330418, 11.718, 75.25
1677131353.530951, 11.718, 76.0
1677131353.7315178, 11.718, 75.25
1677131353.932053, 11.718, 75.0
1677131354.1326113, 11.519, 75.25
1677131354.333157, 11.519, 76.0
1677131354.533718, 11.519, 75.75
1677131354.73424, 11.519, 75.75
1677131354.9347641, 11.519, 76.0
1677131355.1353362, 11.737, 76.0
1677131355.335875, 11.737, 76.0
1677131355.5364156, 11.737, 74.75
1677131355.7369988, 11.737, 75.25
1677131355.9375348, 11.737, 75.75
1677131356.138052, 11.737, 76.25
1677131356.338569, 11.851, 76.25
1677131356.539256, 11.851, 76.5
1677131356.7397985, 11.851, 75.75
1677131356.9403157, 11.851, 75.5
1677131357.1408362, 11.538, 74.5
1677131357.3413494, 11.538, 76.25
1677131357.541875, 11.538, 75.25
1677131357.7424269, 11.538, 75.5
1677131357.9429786, 11.538, 76.0
1677131358.143518, 11.817, 75.25
1677131358.3440132, 11.817, 76.0
1677131358.5445445, 11.817, 76.25
1677131358.7450864, 11.817, 76.0
1677131358.9455843, 11.817, 75.75
1677131359.146106, 11.802, 75.75
1677131359.34661, 11.802, 76.75
1677131359.5472512, 11.802, 76.5
1677131359.7477734, 11.802, 76.0
1677131359.9483097, 11.802, 75.0
1677131360.1488607, 11.882, 75.5
1677131360.3493783, 11.882, 74.75
1677131360.5499492, 11.882, 75.5
1677131360.750486, 11.882, 75.75
1677131360.9510343, 11.882, 75.75
1677131361.1515634, 11.806, 74.5
1677131361.3521485, 11.806, 76.0
1677131361.5526903, 11.806, 76.0
1677131361.7532184, 11.806, 76.0
1677131361.9537723, 11.806, 75.75
1677131362.15429, 12.0, 75.75
1677131362.3548179, 12.0, 76.0
1677131362.555376, 12.0, 76.5
1677131362.7559168, 12.0, 76.0
1677131362.9564989, 12.0, 75.5
1677131363.1570604, 11.645, 75.0
1677131363.3575811, 11.645, 76.0
1677131363.558113, 11.645, 76.0
1677131363.7586913, 11.645, 75.5
1677131363.9593008, 11.645, 75.75
1677131364.1598392, 11.397, 75.75
1677131364.3603928, 11.397, 76.0
1677131364.5609238, 11.397, 75.75
1677131364.761482, 11.397, 76.5
1677131364.9619467, 11.397, 76.5
1677131365.1622837, 11.397, 75.75
1677131365.362699, 12.149, 75.0
1677131365.563168, 12.149, 75.5
1677131365.763466, 12.149, 75.5
1677131365.9637518, 12.149, 76.25
1677131366.1640928, 11.79, 76.25
1677131366.3645227, 11.79, 76.25
1677131366.5651212, 11.79, 76.0
1677131366.765526, 11.79, 75.5
1677131366.965938, 11.79, 75.5
1677131367.1664927, 11.79, 75.0
1677131367.3672903, 11.756, 76.25
1677131367.567816, 11.756, 75.5
1677131367.7683415, 11.756, 75.75
1677131367.968878, 11.569, 75.5
1677131368.16942, 11.569, 75.0
1677131368.3699906, 11.569, 75.5
1677131368.5706723, 11.569, 75.5
1677131368.7713253, 11.569, 75.25
1677131368.9718518, 11.569, 74.5
1677131369.1724188, 11.569, 75.75
1677131369.3729644, 11.561, 75.25
1677131369.5735083, 11.561, 76.0
1677131369.774047, 11.561, 75.75
1677131369.9745746, 11.561, 75.25
1677131370.1752176, 11.905, 76.25
1677131370.3757594, 11.905, 76.0
1677131370.5762942, 11.905, 74.25
1677131370.776827, 11.905, 75.5
1677131370.9773679, 11.905, 75.25
1677131371.1778984, 11.954, 75.75
1677131371.3784304, 11.954, 75.75
1677131371.578966, 11.954, 75.5
1677131371.7794173, 11.954, 75.75
1677131371.9799876, 11.954, 76.0
1677131372.1805356, 11.832, 76.25
1677131372.3810735, 11.832, 75.25
1677131372.5815957, 11.832, 76.25
1677131372.7821078, 11.832, 75.0
1677131372.9826303, 11.832, 75.5
1677131373.183313, 11.332, 74.25
1677131373.3838613, 11.332, 75.5
1677131373.5844016, 11.332, 75.25
1677131373.784945, 11.332, 75.5
1677131373.985488, 11.332, 75.75
1677131374.1860392, 11.584, 75.5
1677131374.3865764, 11.584, 75.75
1677131374.587317, 11.584, 75.75
1677131374.787859, 11.584, 76.0
1677131374.9883814, 11.584, 76.0
1677131375.188885, 11.813, 76.0
1677131375.389408, 11.813, 75.75
1677131375.5900705, 11.813, 76.0
1677131375.7905948, 11.813, 75.25
1677131375.991277, 11.813, 75.75
1677131376.1918275, 11.848, 75.25
1677131376.3923748, 11.848, 75.5
1677131376.5928993, 11.848, 75.5
1677131376.7934384, 11.848, 76.0
1677131376.9939837, 11.901, 76.0
1677131377.1945364, 11.901, 75.75
1677131377.395249, 11.901, 75.5
1677131377.5957892, 11.901, 76.0
1677131377.7963116, 11.901, 75.75
1677131377.9968462, 11.901, 76.0
1677131378.1973808, 11.825, 76.0
1677131378.3978977, 11.825, 76.25
1677131378.5984466, 11.825, 76.25
1677131378.7990067, 11.825, 75.75
1677131378.9995418, 11.825, 76.25
1677131379.2000637, 11.603, 75.75
1677131379.4005876, 11.603, 76.0
1677131379.6011345, 11.603, 76.0
1677131379.8018441, 11.603, 75.5
1677131380.0023491, 11.603, 75.5
1677131380.202893, 11.905, 76.25
1677131380.4034104, 11.905, 76.0
1677131380.6040664, 11.905, 75.0
1677131380.8046017, 11.905, 76.0
1677131381.0051496, 11.638, 75.5
1677131381.2056987, 11.638, 75.75
1677131381.4061863, 11.638, 75.75
1677131381.6067226, 11.638, 75.75
1677131381.8072634, 11.638, 76.0
1677131382.007802, 11.844, 75.5
1677131382.2083266, 11.844, 76.0
1677131382.4088945, 11.844, 75.75
1677131382.6094038, 11.844, 76.0
1677131382.8099449, 11.844, 75.5
1677131383.0105305, 11.844, 76.0
1677131383.2112253, 11.622, 76.0
1677131383.41175, 11.622, 75.75
1677131383.612288, 11.622, 75.0
1677131383.8127985, 11.622, 75.5
1677131384.0133646, 11.622, 76.0
1677131384.213888, 11.756, 76.0
1677131384.4144087, 11.756, 75.75
1677131384.614925, 11.756, 75.75
1677131384.815469, 11.756, 75.5
1677131385.0160291, 11.756, 75.25
1677131385.2165732, 11.538, 74.0
1677131385.4171176, 11.538, 76.0
1677131385.6176443, 11.538, 75.25
1677131385.818362, 11.538, 75.75
1677131386.0189128, 11.596, 75.25
1677131386.2194436, 11.596, 76.0
1677131386.4199836, 11.596, 76.0
1677131386.6205187, 11.596, 75.75
1677131386.821077, 11.596, 76.0
1677131387.0216367, 11.538, 76.0
1677131387.2221777, 11.538, 76.0
1677131387.422718, 11.538, 76.0
1677131387.6232605, 11.538, 75.25
1677131387.8238013, 11.538, 76.0
1677131388.0243459, 11.538, 76.25
1677131388.2248874, 11.622, 76.25
1677131388.4254043, 11.622, 75.75
1677131388.626098, 11.622, 75.5
1677131388.826641, 11.622, 76.0
1677131389.027273, 11.622, 76.0
1677131389.227796, 11.974, 76.25
1677131389.4283319, 11.974, 76.0
1677131389.6288543, 11.974, 76.0
1677131389.8293965, 11.974, 75.0
1677131390.0299466, 11.542, 75.5
1677131390.2304876, 11.542, 76.0
1677131390.4310133, 11.542, 76.5
1677131390.6315625, 11.542, 76.5
1677131390.8320916, 11.542, 75.75
1677131391.0326283, 11.729, 76.0
1677131391.233159, 11.729, 76.75
1677131391.4337173, 11.729, 76.5
1677131391.6344519, 11.729, 76.25
1677131391.8349774, 11.729, 75.75
1677131392.0354698, 11.622, 75.25
1677131392.2359807, 11.622, 76.25
1677131392.4364989, 11.622, 76.25
1677131392.637056, 11.622, 76.0
1677131392.8376215, 11.622, 76.0
1677131393.0382993, 11.622, 76.0
1677131393.2388422, 11.798, 76.75
1677131393.4393585, 11.798, 76.0
1677131393.6398985, 11.798, 76.0
1677131393.8404493, 11.798, 76.0
1677131394.0409873, 11.84, 75.75
1677131394.2415195, 11.84, 76.25
1677131394.4420552, 11.84, 76.0
1677131394.6425967, 11.84, 76.25
1677131394.8432877, 11.84, 74.75
1677131395.0438428, 11.68, 75.75
1677131395.24436, 11.68, 75.75
1677131395.4448726, 11.68, 75.5
1677131395.645391, 11.68, 74.5
1677131395.8459144, 11.68, 75.5
1677131396.04647, 11.935, 75.5
1677131396.2470157, 11.935, 76.0
1677131396.4475513, 11.935, 76.0
1677131396.6480682, 11.935, 75.75
1677131396.8485806, 11.935, 75.25
1677131397.0491226, 11.481, 76.0
1677131397.2496307, 11.481, 75.0
1677131397.4501686, 11.481, 75.75
1677131397.6507218, 11.481, 76.0
1677131397.8512642, 11.481, 75.25
1677131398.0517902, 11.405, 76.25
1677131398.252318, 11.405, 75.75
1677131398.4528453, 11.405, 76.25
1677131398.653377, 11.405, 75.75
1677131398.853941, 11.405, 76.0
1677131399.0546315, 11.771, 76.5
1677131399.25527, 11.771, 76.75
1677131399.4557953, 11.771, 75.75
1677131399.6563413, 11.771, 75.75
1677131399.856898, 11.771, 75.75
1677131400.0574386, 11.428, 75.75
1677131400.2579703, 11.428, 76.5
1677131400.45851, 11.428, 75.75
1677131400.6590633, 11.428, 75.75
1677131400.8595865, 11.428, 75.5
1677131401.0601091, 11.664, 75.75
1677131401.2606235, 11.664, 76.0
1677131401.4611638, 11.664, 76.0
1677131401.6617153, 11.664, 76.0
1677131401.8622413, 11.664, 75.75
1677131402.0627801, 11.664, 75.75
1677131402.263343, 11.397, 76.5
1677131402.4638538, 11.397, 75.75
1677131402.6643665, 11.397, 76.25
1677131402.8649054, 11.397, 76.0
1677131403.0654318, 11.71, 76.0
1677131403.2659733, 11.71, 76.0
1677131403.466491, 11.71, 76.25
1677131403.6670163, 11.71, 75.5
1677131403.8675394, 11.71, 75.25
1677131404.0681086, 11.577, 75.0
1677131404.2686598, 11.577, 76.5
1677131404.46922, 11.577, 75.25
1677131404.6697845, 11.577, 75.75
1677131404.8703334, 11.577, 75.75
1677131405.070867, 11.912, 76.0
1677131405.271396, 11.912, 75.75
1677131405.4719257, 11.912, 75.5
1677131405.6723788, 11.912, 75.5
1677131405.8727124, 11.912, 75.75
1677131406.073145, 11.523, 76.0
1677131406.2736998, 11.523, 75.5
1677131406.474209, 11.523, 76.0
1677131406.6747344, 11.523, 76.0
1677131406.875306, 11.523, 76.0
1677131407.075851, 11.901, 76.0
1677131407.27639, 11.901, 75.5
1677131407.476923, 11.901, 76.0
1677131407.67745, 11.901, 75.5
1677131407.877985, 11.901, 76.0
1677131408.0786607, 11.867, 75.75
1677131408.2793164, 11.867, 75.75
1677131408.4798431, 11.867, 76.25
1677131408.6803906, 11.867, 76.5
1677131408.8809144, 11.867, 75.5
1677131409.0814633, 11.573, 75.75
1677131409.2819862, 11.573, 76.25
1677131409.4826336, 11.573, 76.25
1677131409.6832838, 11.573, 76.0
1677131409.8838184, 11.573, 76.0
1677131410.0843337, 11.573, 76.75
1677131410.2848678, 11.958, 76.25
1677131410.485376, 11.958, 76.5
1677131410.6858923, 11.958, 76.25
1677131410.886434, 11.958, 76.0
1677131411.0869677, 11.905, 76.25
1677131411.2875295, 11.905, 76.25
1677131411.4880524, 11.905, 76.0
1677131411.6886225, 11.905, 75.75
1677131411.8891413, 11.905, 76.5
1677131412.0896776, 12.099, 76.0
1677131412.290211, 12.099, 76.0
1677131412.49079, 12.099, 76.25
1677131412.6913242, 12.099, 75.75
1677131412.8918362, 12.099, 76.25
1677131413.0923517, 11.943, 75.75
1677131413.2928586, 11.943, 76.5
1677131413.493367, 11.943, 76.25
1677131413.6940608, 11.943, 76.25
1677131413.894594, 11.943, 76.5
1677131414.0952415, 11.943, 76.5
1677131414.2957673, 11.97, 76.0
1677131414.4962962, 11.97, 76.0
1677131414.6968114, 11.97, 76.75
1677131414.8973727, 11.97, 75.75
1677131415.0977957, 11.794, 76.25
1677131415.2982287, 11.794, 76.25
1677131415.4987583, 11.794, 76.0
1677131415.699355, 11.794, 76.0
1677131415.8999112, 11.794, 75.5
1677131416.1004462, 11.626, 74.75
1677131416.3009503, 11.626, 76.25
1677131416.50148, 11.626, 76.0
1677131416.7020345, 11.626, 75.75
1677131416.9025936, 11.626, 76.25
1677131417.1033072, 11.874, 76.0
1677131417.303856, 11.874, 76.25
1677131417.5044186, 11.874, 76.75
1677131417.7049365, 11.874, 76.5
1677131417.905443, 11.874, 76.5
1677131418.1059573, 11.874, 76.0
1677131418.3064733, 11.828, 76.0
1677131418.507032, 11.828, 75.75
1677131418.707541, 11.828, 75.5
1677131418.9080586, 11.828, 75.5
1677131419.1085827, 11.599, 76.25
1677131419.3090951, 11.599, 75.75
1677131419.5096226, 11.599, 75.25
1677131419.7101521, 11.599, 75.75
1677131419.9106774, 11.599, 74.5
1677131420.1112335, 11.267, 75.75
1677131420.311782, 11.267, 75.5
1677131420.5123022, 11.267, 76.0
1677131420.7128305, 11.267, 76.0
1677131420.9133565, 11.267, 76.5
1677131421.1138606, 12.031, 75.75
1677131421.3144007, 12.031, 75.5
1677131421.5149448, 12.031, 75.75
1677131421.7154944, 12.031, 75.75
1677131421.9160078, 12.031, 75.25
1677131422.116538, 11.649, 75.5
1677131422.31702, 11.649, 76.25
1677131422.5174284, 11.649, 75.75
1677131422.7178729, 11.649, 75.25
1677131422.9181967, 11.649, 75.75
1677131423.1187513, 11.401, 75.25
1677131423.3192973, 11.401, 76.25
1677131423.5198216, 11.401, 76.25
1677131423.720348, 11.401, 75.75
1677131423.920897, 11.401, 75.75
1677131424.1214356, 11.79, 75.5
1677131424.321979, 11.79, 75.5
1677131424.5225124, 11.79, 76.0
1677131424.7230456, 11.79, 75.75
1677131424.9235754, 11.79, 76.25
1677131425.1241221, 11.771, 75.0
1677131425.324663, 11.771, 76.25
1677131425.5251627, 11.771, 76.0
1677131425.7257183, 11.771, 75.75
1677131425.9262486, 11.771, 76.0
1677131426.12679, 11.771, 75.75
1677131426.3273387, 11.661, 75.75
1677131426.5278597, 11.661, 75.0
1677131426.728401, 11.661, 74.25
1677131426.9289367, 11.661, 75.25
1677131427.1294708, 11.336, 75.5
1677131427.3299837, 11.336, 75.75
1677131427.5305176, 11.336, 75.75
1677131427.7310793, 11.336, 75.0
1677131427.9316032, 11.336, 75.75
1677131428.1321695, 11.306, 75.75
1677131428.3326848, 11.306, 76.5
1677131428.533238, 11.306, 76.0
1677131428.7337675, 11.306, 76.5
1677131428.9342916, 11.306, 76.0
1677131429.1348217, 11.924, 75.5
1677131429.3353322, 11.924, 75.25
1677131429.5358806, 11.924, 75.25
1677131429.7364137, 11.924, 75.75
1677131429.9369655, 11.924, 75.0
1677131430.1374965, 11.722, 76.0
1677131430.3380687, 11.722, 76.0
1677131430.538621, 11.722, 76.0
1677131430.7393105, 11.722, 76.0
1677131430.9398546, 11.722, 75.5
1677131431.140384, 11.783, 75.75
1677131431.3408875, 11.783, 76.5
1677131431.541426, 11.783, 75.5
1677131431.7421765, 11.783, 75.5
1677131431.9427323, 11.783, 75.75
1677131432.143281, 11.252, 76.0
1677131432.3437958, 11.252, 76.0
1677131432.5443397, 11.252, 76.75
1677131432.744892, 11.252, 76.25
1677131432.9454262, 11.252, 76.0
1677131433.1459503, 11.882, 76.0
1677131433.3466117, 11.882, 76.5
1677131433.5473125, 11.882, 76.0
1677131433.7478435, 11.882, 76.0
1677131433.9483511, 11.882, 76.0
1677131434.1488795, 11.687, 75.75
1677131434.3494232, 11.687, 76.5
1677131434.549935, 11.687, 76.25
1677131434.7505026, 11.687, 75.75
1677131434.9510462, 11.687, 76.0
1677131435.1515765, 11.641, 75.5
1677131435.3521132, 11.641, 76.0
1677131435.5526514, 11.641, 76.5
1677131435.753184, 11.641, 76.5
1677131435.9537132, 11.641, 75.75
1677131436.154257, 11.706, 75.5
1677131436.3547628, 11.706, 76.75
1677131436.5552897, 11.706, 76.0
1677131436.755814, 11.706, 76.25
1677131436.9563515, 11.706, 76.5
1677131437.1569386, 11.893, 76.0
1677131437.3574553, 11.893, 76.25
1677131437.558146, 11.893, 76.5
1677131437.75869, 11.893, 76.0
1677131437.9592614, 11.893, 75.75
1677131438.159804, 11.737, 76.0
1677131438.3603294, 11.737, 76.5
1677131438.5608938, 11.737, 76.25
1677131438.761422, 11.737, 76.0
1677131438.9619656, 11.737, 76.0
1677131439.1626353, 11.611, 75.75
1677131439.3632712, 11.611, 76.25
1677131439.5637858, 11.611, 76.25
1677131439.764533, 11.611, 75.5
1677131439.9650898, 11.611, 76.0
1677131440.165419, 11.657, 76.25
1677131440.365859, 11.657, 76.75
1677131440.5663881, 11.657, 76.25
1677131440.7669487, 11.657, 76.0
1677131440.967482, 11.657, 76.75
1677131441.1680193, 11.966, 76.25
1677131441.368547, 11.966, 76.5
1677131441.5690913, 11.966, 76.25
1677131441.7696104, 11.966, 76.0
1677131441.9701502, 11.966, 76.0
1677131442.170695, 11.244, 76.0
1677131442.3712652, 11.244, 76.25
1677131442.5718005, 11.244, 76.25
1677131442.7723477, 11.244, 75.5
1677131442.9728696, 11.244, 76.0
1677131443.173389, 11.794, 76.5
1677131443.3739295, 11.794, 76.5
1677131443.5744696, 11.794, 76.0
1677131443.775014, 11.794, 76.25
1677131443.9755502, 11.794, 75.5
1677131444.176089, 11.825, 75.0
1677131444.3766036, 11.825, 76.5
1677131444.577146, 11.825, 76.25
1677131444.7776866, 11.825, 76.0
1677131444.9782174, 11.932, 75.5
1677131445.1787632, 11.932, 75.5
1677131445.3793223, 11.932, 76.25
1677131445.5798647, 11.932, 75.25
1677131445.780408, 11.932, 76.0
1677131445.9809515, 11.932, 75.75
1677131446.1815119, 11.58, 76.25
1677131446.3820379, 11.58, 75.75
1677131446.5825596, 11.58, 76.0
1677131446.7830782, 11.58, 75.5
1677131446.983641, 11.58, 75.75
1677131447.1842086, 11.657, 76.0
1677131447.3847685, 11.657, 76.5
1677131447.5853221, 11.657, 75.75
1677131447.7858572, 11.657, 76.25
1677131447.986584, 11.657, 76.25
1677131448.1872566, 11.916, 76.25
1677131448.387774, 11.916, 76.0
1677131448.5883102, 11.916, 75.0
1677131448.7888498, 11.916, 75.5
1677131448.98942, 11.916, 75.5
1677131449.1899734, 11.474, 75.75
1677131449.3905017, 11.474, 75.5
1677131449.591043, 11.474, 75.0
1677131449.7915554, 11.474, 74.5
1677131449.992082, 11.481, 75.25
1677131450.1926072, 11.481, 75.75
1677131450.3931322, 11.481, 75.25
1677131450.593673, 11.481, 75.5
1677131450.794206, 11.481, 74.25
1677131450.9948368, 11.481, 76.0
1677131451.195375, 11.794, 76.25
1677131451.395904, 11.794, 76.0
1677131451.5964386, 11.794, 75.5
1677131451.7969537, 11.794, 75.5
1677131451.9974732, 11.794, 76.0
1677131452.197997, 11.653, 75.25
1677131452.3985255, 11.653, 76.0
1677131452.5990486, 11.653, 76.0
1677131452.7996075, 11.653, 76.0
1677131453.0001628, 11.653, 75.5
1677131453.2007232, 11.935, 75.75
1677131453.4012277, 11.935, 76.75
1677131453.6017516, 11.935, 76.25
1677131453.8024297, 11.935, 75.25
1677131454.002962, 11.676, 76.0
1677131454.2034926, 11.676, 75.5
1677131454.4040003, 11.676, 76.25
1677131454.6045618, 11.676, 75.75
1677131454.8050885, 11.676, 75.75
1677131455.005622, 11.676, 75.25
1677131455.206136, 11.733, 76.0
1677131455.406644, 11.733, 76.0
1677131455.6072884, 11.733, 76.0
1677131455.807799, 11.733, 76.25
1677131456.0083294, 11.733, 76.0
1677131456.2088645, 11.588, 75.75
1677131456.4094322, 11.588, 75.5
1677131456.609989, 11.588, 75.5
1677131456.8105175, 11.588, 75.75
1677131457.0110734, 11.588, 75.5
1677131457.2115831, 11.767, 76.0
1677131457.4120936, 11.767, 75.25
1677131457.612614, 11.767, 76.0
1677131457.8132834, 11.767, 75.75
1677131458.013819, 11.626, 75.75
1677131458.2143502, 11.626, 75.75
1677131458.4148438, 11.626, 76.0
1677131458.6153893, 11.626, 75.5
1677131458.8158398, 11.626, 76.0
1677131459.0161712, 11.626, 76.0
1677131459.2165985, 12.027, 76.0
1677131459.4171226, 12.027, 76.5
1677131459.6175418, 12.027, 76.0
1677131459.817969, 12.027, 76.0
1677131460.0184891, 12.027, 75.0
1677131460.2190218, 11.325, 75.5
1677131460.4196982, 11.325, 75.75
1677131460.6202204, 11.325, 75.25
1677131460.82075, 11.325, 75.5
1677131461.0212762, 11.325, 75.75
1677131461.221792, 11.79, 75.5
1677131461.4223087, 11.79, 75.5
1677131461.6228373, 11.79, 76.0
1677131461.8233685, 11.79, 75.75
1677131462.0238981, 11.867, 75.5
1677131462.224429, 11.867, 76.0
1677131462.4249692, 11.867, 75.5
1677131462.6255038, 11.867, 75.5
1677131462.8260336, 11.867, 76.0
1677131463.0265677, 11.798, 75.25
1677131463.2272239, 11.798, 75.5
1677131463.4277692, 11.798, 75.25
1677131463.6283135, 11.798, 75.25
1677131463.828851, 11.798, 75.25
1677131464.0293875, 11.691, 75.75
1677131464.2299263, 11.691, 75.5
1677131464.4306126, 11.691, 76.0
1677131464.6310508, 11.691, 75.75
1677131464.8313508, 11.691, 75.5
1677131465.0318909, 11.691, 76.0
1677131465.2324376, 11.508, 76.0
1677131465.4329526, 11.508, 75.5
1677131465.633468, 11.508, 75.75
1677131465.8340163, 11.508, 76.25
1677131466.0345504, 11.508, 75.5
1677131466.2352335, 11.912, 76.0
1677131466.435739, 11.912, 76.25
1677131466.6362767, 11.912, 75.25
1677131466.8368402, 11.912, 75.5
1677131467.037372, 11.912, 75.25
1677131467.2379773, 11.912, 75.5
1677131467.438525, 11.321, 76.0
1677131467.639035, 11.321, 76.75
1677131467.8395555, 11.321, 76.75
1677131468.0401452, 11.874, 76.0
1677131468.2405899, 11.874, 76.5
1677131468.441041, 11.874, 75.75
1677131468.6415923, 11.874, 75.75
1677131468.8421552, 11.874, 76.25
1677131469.042724, 11.298, 76.25
1677131469.2432742, 11.298, 76.5
1677131469.4437943, 11.298, 76.75
1677131469.644335, 11.298, 76.5
1677131469.8448944, 11.298, 76.0
1677131470.0454497, 11.298, 76.25
1677131470.2459724, 11.943, 75.5
1677131470.446479, 11.943, 76.25
1677131470.6470191, 11.943, 76.25
1677131470.8475718, 11.943, 76.5
1677131471.0480747, 11.943, 75.25
1677131471.2486055, 11.943, 76.25
1677131471.449107, 11.943, 75.5
1677131471.6496687, 11.943, 76.25
1677131471.850227, 11.943, 76.25
1677131472.0507574, 11.874, 76.25
1677131472.2512856, 11.874, 76.0
1677131472.4517856, 11.874, 75.75
1677131472.6523345, 11.874, 75.75
1677131472.8528724, 11.874, 76.0
1677131473.0533714, 11.695, 76.0
1677131473.253917, 11.695, 76.0
1677131473.454478, 11.695, 76.0
1677131473.6550183, 11.695, 76.75
1677131473.8555374, 11.695, 76.75
1677131474.056047, 11.695, 76.0
1677131474.256611, 11.92, 75.5
1677131474.4571552, 11.92, 75.75
1677131474.6576946, 11.92, 75.75
1677131474.8582275, 11.92, 75.5
1677131475.0587356, 11.668, 75.5
1677131475.2592862, 11.668, 76.0
1677131475.4598503, 11.668, 76.0
1677131475.6604078, 11.668, 75.5
1677131475.8609436, 11.668, 75.25
1677131476.0614588, 11.668, 75.75
1677131476.2619927, 11.512, 74.75
1677131476.4625251, 11.512, 76.25
1677131476.6630554, 11.512, 75.75
1677131476.8636122, 11.512, 76.0
1677131477.064115, 11.802, 75.25
1677131477.2646544, 11.802, 75.75
1677131477.4651783, 11.802, 76.25
1677131477.6657097, 11.802, 75.5
1677131477.86638, 11.802, 76.25
1677131478.0668933, 11.802, 76.25
1677131478.2674274, 11.645, 76.0
1677131478.467942, 11.645, 76.0
1677131478.6684585, 11.645, 76.0
1677131478.8689866, 11.645, 75.5
1677131479.0694938, 11.886, 75.0
1677131479.2700388, 11.886, 76.25
1677131479.4707298, 11.886, 76.25
1677131479.6713943, 11.886, 75.75
1677131479.871824, 11.886, 76.25
1677131480.0722535, 11.786, 75.5
1677131480.2728102, 11.786, 76.5
1677131480.473246, 11.786, 75.75
1677131480.6736832, 11.786, 76.0
1677131480.8742194, 11.786, 75.5
1677131481.0748749, 11.786, 76.25
1677131481.275407, 11.619, 76.0
1677131481.4759278, 11.619, 75.75
1677131481.6763716, 11.619, 76.0
1677131481.8766966, 11.619, 75.5
1677131482.077092, 12.054, 75.75
1677131482.2776423, 12.054, 76.0
1677131482.47815, 12.054, 76.0
1677131482.6786163, 12.054, 75.25
1677131482.8790329, 12.054, 75.75
1677131483.079461, 11.901, 73.25
1677131483.279882, 11.901, 75.25
1677131483.480335, 11.901, 76.0
1677131483.6807609, 11.901, 76.25
1677131483.8812187, 11.901, 76.75
1677131484.081533, 11.901, 76.25
1677131484.281975, 11.84, 76.0
1677131484.4823902, 11.84, 76.0
1677131484.6826982, 11.84, 76.0
1677131484.883221, 11.84, 76.0
1677131485.0837595, 11.989, 75.5
1677131485.2843006, 11.989, 76.0
1677131485.4847226, 11.989, 75.75
1677131485.685063, 11.989, 75.0
1677131485.8854985, 11.989, 75.75
1677131486.0861719, 11.722, 76.0
1677131486.2866974, 11.722, 76.0
1677131486.4871833, 11.722, 76.25
1677131486.6875155, 11.722, 76.0
1677131486.8879402, 11.722, 76.0
1677131487.0884655, 11.615, 75.25
1677131487.2889912, 11.615, 76.0
1677131487.4895062, 11.615, 76.0
1677131487.6900315, 11.615, 75.75
1677131487.890604, 11.615, 75.75
1677131488.091268, 11.474, 75.75
1677131488.2918067, 11.474, 75.75
1677131488.4923563, 11.474, 75.75
1677131488.6928978, 11.474, 75.25
1677131488.893398, 11.474, 75.75
1677131489.0939302, 11.775, 75.75
1677131489.2944322, 11.775, 76.25
1677131489.494975, 11.775, 75.5
